name,collection,rarity,availability,bundle,season
ELITEFUZECHIBI,Chibi,Legendary,Available,2nd Shock Army Elite,White Noise
LITTLEANGEL,Chibi,Legendary,Available,2nd Shock Army Elite,White Noise
TROUBLEMAKER,Chibi,Legendary,Removed,Alpha Packs,Chimera
BOXHEAD,Chibi,Legendary,Removed,Alpha Packs,Chimera
ELITEBANDITCHIBI,Chibi,Legendary,Available,Axle 13 Elite,Burnt Horizon
LITTLEELITEASH,Chibi,Legendary,Available,Axle 13 Elite,Burnt Horizon
R6EXTREMEFAN,Chibi,Legendary,Available,Axle 13 Elite,Burnt Horizon
ESPORTSCHIBI19,Chibi,Legendary,Removed,Convention Rewards,Phantom Sight
R6FAN,Chibi,Legendary,Removed,Convention Rewards,Phantom Sight
ELITEZOFIACHIBI,Chibi,Legendary,Available,Duch Bojowy Elite,Void Edge
ELITEDOKKAEBICHIBI,Chibi,Legendary,Available,Duch Bojowy Elite,Void Edge
ELITEMUTECHIBI,Chibi,Legendary,Available,Duch Bojowy Elite,Void Edge
ELITEJAGERCHIBI,Chibi,Legendary,Available,Duch Bojowy Elite,Void Edge
ELITEROOKCHIBI,Chibi,Legendary,Available,Duch Bojowy Elite,Void Edge
ELITEBLACKBEARDCHIBI,Chibi,Legendary,Available,Duch Bojowy Elite,Void Edge
ELITEMAVERICKCHIBI,Chibi,Legendary,Available,Duch Bojowy Elite,Void Edge
ELITEELACHIBI,Chibi,Legendary,Available,Duch Bojowy Elite,Void Edge
ELITEFROSTCHIBI,Chibi,Legendary,Available,Duch Bojowy Elite,Void Edge
ELITEMIRACHIBI,Chibi,Legendary,Available,Duch Bojowy Elite,Void Edge
ELITESLEDGECHIBI,Chibi,Legendary,Available,L Detachment Elite,Red Crow
ELITEGLAZCHIBI,Chibi,Legendary,Available,L Detachment Elite,Red Crow
ELITEPULSECHIBI,Chibi,Legendary,Available,Lucky Seventh Elite,Operation Health
ELITETWITCHCHIBI,Chibi,Legendary,Available,Lucky Seventh Elite,Operation Health
ELITEKALICHIBI,Chibi,Legendary,Available,Lucky Seventh Elite,Operation Health
ELITECAVEIRACHIBI,Chibi,Legendary,Available,Lucky Seventh Elite,Operation Health
HARRYCHIBI,Chibi,Legendary,Removed,Mini-Battlepass,Phantom Sight
ELITELESIONCHIBI,Chibi,Legendary,Removed,Mini-Battlepass,Phantom Sight
ELITEHIBANACHIBI,Chibi,Legendary,Available,Onkochishin Elite,Burnt Horizon
ELITETHATCHERCHIBI,Chibi,Legendary,Available,Onkochishin Elite,Burnt Horizon
ELITEBLITZCHIBI,Chibi,Legendary,Available,Onkochishin Elite,Burnt Horizon
ELITEJACKALCHIBI,Chibi,Legendary,Available,Onkochishin Elite,Burnt Horizon
ELITECAPITAOCHIBI,Chibi,Legendary,Available,Onkochishin Elite,Burnt Horizon
ELITEIQCHIBI,Chibi,Legendary,Available,Onkochishin Elite,Burnt Horizon
REELITEZOFIACHIBI,Chibi,Legendary,Available,Onkochishin Elite,Burnt Horizon
ELITESMOKECHIBI,Chibi,Legendary,Available,Onkochishin Elite,Burnt Horizon
ELITEASHCHIBI,Chibi,Legendary,Available,Onkochishin Elite,Burnt Horizon
ELITETACHANKACHIBI,Chibi,Legendary,Available,Onkochishin Elite,Burnt Horizon
ELITEBUCKCHIBI,Chibi,Legendary,Available,Onkochishin Elite,Burnt Horizon
FROSTRAPTOR,Chibi,Legendary,Available,Onkochishin Elite,Burnt Horizon
ELITEECHOCHIBI,Chibi,Legendary,Available,Onkochishin Elite,Burnt Horizon
ELITEASHLARACROFT,Chibi,Legendary,Available,Onkochishin Elite,Burnt Horizon
ELITEDOCCHIBI,Chibi,Legendary,Available,Onkochishin Elite,Burnt Horizon
R6ULTRAMEGAFAN,Chibi,Legendary,Available,Onkochishin Elite,Burnt Horizon
R6ULTRAFANBOY,Chibi,Legendary,Removed,Twitch Prime Drops; Twitch Prime Packs,Grim Sky
ELITETHERMITECHIBI,Chibi,Legendary,Removed,Twitch Prime Drops; Twitch Prime Packs,Grim Sky
ELITEKAPKANCHIBI,Chibi,Legendary,Available,Vympel Elite,Red Crow
ELITEVALKYRIECHIBI,Chibi,Legendary,Available,Vympel Elite,Red Crow
2017INVITATIONALATTENDEE,Chibi,Legendary,Available,Vympel Elite,Red Crow
PROLEAGUEFINALSCHAMPION,Chibi,Legendary,Available,Vympel Elite,Red Crow
SIXINVITATIONALPLAYER19,Esport,Legendary,Removed,Convention Rewards,Wind Bastion
SIXMAJORUSAATTENDEE2019,Esport,Legendary,Removed,Convention Rewards,Wind Bastion
SIXINVITATIONALCHAMPION,Esport,Legendary,Available,Convention Rewards,Red Crow
2017INVITATIONALPRO,Esport,Legendary,Available,Convention Rewards,Red Crow
SIXINVITATIONALPLAYER18,Esport,Legendary,Available,Convention Rewards,Red Crow
OPERATIONHEALTHDIAMOND,Esport,Legendary,Available,Convention Rewards,Red Crow
CHIMERADIAMOND,Esport,Legendary,Available,Convention Rewards,Red Crow
VELVETSHELLDIAMOND,Esport,Legendary,Available,Convention Rewards,Red Crow
DUSTLINEDIAMOND,Esport,Legendary,Available,Convention Rewards,Red Crow
SKULLRAINDIAMOND,Esport,Legendary,Available,Convention Rewards,Red Crow
REDCROWDIAMOND,Esport,Legendary,Available,Convention Rewards,Red Crow
BLACKICEDIAMOND,Esport,Legendary,Available,Convention Rewards,Red Crow
PARABELLUMDIAMOND,Esport,Legendary,Available,Convention Rewards,Red Crow
WHITENOISEDIAMOND,Esport,Legendary,Available,Convention Rewards,Red Crow
BLOODORCHIDDIAMOND,Esport,Legendary,Available,Convention Rewards,Red Crow
GRIMSKYDIAMOND,Esport,Legendary,Available,Convention Rewards,Red Crow
BURNTHORIZONDIAMOND,Esport,Legendary,Available,Convention Rewards,Red Crow
WINDBASTIONDIAMOND,Esport,Legendary,Available,Convention Rewards,Red Crow
PHANTOMSIGHTDIAMOND,Esport,Legendary,Removed,Ranked Rewards,Phantom Sight
SHIFTINGTIDESDIAMOND,Esport,Legendary,Removed,Ranked Rewards,Phantom Sight
SHADOWLEGACYDIAMOND,Esport,Legendary,Removed,Ranked Rewards,Shadow Legacy
STEELWAVECHAMPION,Esport,Legendary,Removed,Ranked Rewards,Shadow Legacy
VOIDEDGECHAMPION,Esport,Legendary,Removed,Ranked Rewards,Shadow Legacy
STEELWAVEDIAMOND,Esport,Legendary,Removed,Ranked Rewards,Shadow Legacy
CRIMSONHEISTCHAMPION,Esport,Legendary,Available,Ranked Rewards,Crimson Heist
CRIMSONHEISTDIAMOND,Esport,Legendary,Available,Ranked Rewards,Crimson Heist
SHADOWLEGACYCHAMPION,Esport,Legendary,Removed,Ranked Rewards,Shadow Legacy
VOIDEDGEDIAMOND,Esport,Legendary,Removed,Ranked Rewards,Shadow Legacy
EMBERRISEDIAMOND,Esport,Legendary,Removed,Ranked Rewards,Shadow Legacy
EMBERRISECHAMPION,Esport,Legendary,Removed,Ranked Rewards,Shadow Legacy
NORTHSTARCHAMPION,Esport,Legendary,Removed,Ranked Rewards,Shadow Legacy
NEONDAWNDIAMOND,Esport,Legendary,Removed,Ranked Rewards,Shadow Legacy
NEONDAWNCHAMPION,Esport,Legendary,Removed,Ranked Rewards,Shadow Legacy
SHIFTINGTIDESCHAMPION,Esport,Legendary,Removed,Ranked Rewards,Shadow Legacy
NORTHSTARDIAMOND,Esport,Legendary,Removed,Ranked Rewards,Shadow Legacy
USAPROLEAGUEDIAMOND,Esport,Legendary,Removed,Ranked Rewards,Shadow Legacy
SIXINVITATIONALPLATINUM18,Esport,Legendary,Removed,Ranked Rewards,Shadow Legacy
SIXINVITATIONALDIAMOND18,Esport,Legendary,Removed,Ranked Rewards,Shadow Legacy
SIXINVITATIONALDIAMOND19,Esport,Legendary,Removed,Ranked Rewards,Shadow Legacy
SIXMAJORPARISDIAMOND2018,Esport,Legendary,Removed,Ranked Rewards,Shadow Legacy
BRAZILPROLEAGUEDIAMOND,Esport,Legendary,Removed,Ranked Rewards,Shadow Legacy
SIXMAJORUSADIAMOND2019,Esport,Legendary,Removed,Ranked Rewards,Shadow Legacy
SIXMAJORNLDIAMOND2020,Esport,Legendary,Removed,Twitch Drops,Shadow Legacy
SIXMAJORJAPANDIAMOND2019,Esport,Legendary,Removed,Twitch Drops,Shadow Legacy
R6DEV,Icon,Legendary,Removed,Developer,Game Launch
SIXINVITATIONAL2020,Icon,Legendary,Removed,Developer,Game Launch
PLAYTESTER,Icon,Legendary,Removed,Developer,Game Launch
SI2020FINISHER,Icon,Legendary,Removed,Developer,Game Launch
ICEYCAT,Icon,Legendary,Removed,Developer,Game Launch
SI2020ESPORT,Icon,Legendary,Removed,Developer,Game Launch
SI2020PLAYOFFS,Icon,Legendary,Removed,Developer,Game Launch
TRAININGDUMMY,Icon,Legendary,Removed,Developer,Game Launch
GOLDDOUBLOON,Icon,Legendary,Removed,Developer,Game Launch
ALPHAPACK,Icon,Legendary,Removed,Developer,Game Launch
KNIGHTHELMET,Item,Legendary,Removed,Alpha Packs,Operation Health
KICKASS,Item,Legendary,Removed,Alpha Packs,Operation Health
DESANDTROY,Item,Legendary,Available,Alpha Packs,Burnt Horizon
TACTICALSWISSKNIFE,Item,Legendary,Available,Alpha Packs,Burnt Horizon
GOODNIGHT,Item,Legendary,Available,Alpha Packs,Burnt Horizon
HARDPAW,Item,Legendary,Available,Alpha Packs,Burnt Horizon
YOUTHORIGINAL,Item,Legendary,Available,Alpha Packs,Burnt Horizon
EMBROIDEREDSHEATH,Item,Legendary,Available,Alpha Packs,Burnt Horizon
SLIPPERY,Item,Legendary,Available,Alpha Packs,Burnt Horizon
PASTRYMOLD,Item,Legendary,Available,Alpha Packs,Burnt Horizon
ANTLERTRIFLE,Item,Legendary,Available,Alpha Packs,Burnt Horizon
LUXURYCLIP,Item,Legendary,Available,Alpha Packs,Burnt Horizon
GOLDDICE,Item,Legendary,Available,Alpha Packs,Burnt Horizon
UPSCALECIGARHOLDER,Item,Legendary,Available,Alpha Packs,Burnt Horizon
FORSCALE,Item,Legendary,Available,Alpha Packs,Burnt Horizon
ESTRELLITA,Natural,Legendary,Removed,Alpha Packs,Operation Health
WOW,Natural,Legendary,Removed,Alpha Packs,Operation Health
TOKKIMEMO,Natural,Legendary,Available,Alpha Packs; Dokkaebi Alpha Pack Set 1,Neon Dawn
GARGULEC,Natural,Legendary,Available,Alpha Packs; Dokkaebi Alpha Pack Set 1,Neon Dawn
GOLDENROSE,Natural,Legendary,Available,Alpha Packs; Dokkaebi Alpha Pack Set 1,Neon Dawn
LIEUTENANTBEAR,Natural,Legendary,Removed,Class Of Zero Battlepass,Shadow Legacy
SNACKOFFORTUNE,Natural,Legendary,Removed,Class Of Zero Battlepass,Shadow Legacy
EAGLEKNEAGLE,Natural,Legendary,Removed,Road to S.I. 2021 Event; Six Invitational 2021 Battlepass,Neon Dawn
CHIEFROOSTER,Natural,Legendary,Removed,Road to S.I. 2021 Event; Six Invitational 2021 Battlepass,Neon Dawn
BLACKBEARDESPORTSCHIBI,Natural,Legendary,Removed,Road to S.I. 2021 Event; Six Invitational 2021 Battlepass,Neon Dawn
BLITZESPORTSCHIBI,Natural,Legendary,Removed,Road to S.I. 2021 Event; Six Invitational 2021 Battlepass,Neon Dawn
BUCKESPORTSCHIBI,Chibi,Epic,Available,Buck Esports Set,Crimson Heist
CAVEIRAESPORTSCHIBI,Chibi,Epic,Available,Buck Esports Set,Crimson Heist
SIXCOLLECTIONBANDIT,Chibi,Epic,Available,Chibi Collection Six; Official Merch,Wind Bastion
SIXCOLLECTIONTACHANKA,Chibi,Epic,Available,Chibi Collection Six; Official Merch,Wind Bastion
SIXCOLLECTIONHIBANA,Chibi,Epic,Available,Chibi Collection Six; Official Merch,Wind Bastion
SIXCOLLECTIONMONTAGNE,Chibi,Epic,Available,Chibi Collection Six; Official Merch,Wind Bastion
SIXCOLLECTIONCAVEIRA,Chibi,Epic,Available,Chibi Collection Six; Official Merch,Wind Bastion
SIXCOLLECTIONVALKYRIE,Chibi,Epic,Available,Chibi Collection Six; Official Merch,Wind Bastion
SIXCOLLECTIONTHERMITE,Chibi,Epic,Available,Chibi Collection Six; Official Merch,Wind Bastion
SIXCOLLECTIONASH,Chibi,Epic,Available,Chibi Collection Six; Official Merch,Wind Bastion
SIXCOLLECTIONSLEDGE,Chibi,Epic,Available,Chibi Collection Six; Official Merch,Wind Bastion
SIXCOLLECTIONSMOKE,Chibi,Epic,Available,Chibi Collection Six; Official Merch,Wind Bastion
SIXCOLLECTIONIQ,Chibi,Epic,Available,Chibi Collection Six; Official Merch,Wind Bastion
SIXCOLLECTIONJAGER,Chibi,Epic,Available,Chibi Collection Six; Official Merch,Wind Bastion
SIXCOLLECTIONELA,Chibi,Epic,Available,Chibi Collection Six; Official Merch,Wind Bastion
SIXCOLLECTIONVIGIL,Chibi,Epic,Available,Chibi Collection Six; Official Merch,Wind Bastion
SIXCOLLECTIONTWITCH,Chibi,Epic,Available,Chibi Collection Six; Official Merch,Wind Bastion
SIXCOLLECTIONBLITZ,Chibi,Epic,Available,Chibi Collection Six; Official Merch,Wind Bastion
SIXCOLLECTIONFINKA,Chibi,Epic,Available,Chibi Collection Six; Official Merch,Shifting Tides
SIXCOLLECTIONDOC,Chibi,Epic,Available,Chibi Collection Six; Official Merch,Shifting Tides
SIXCOLLECTIONMIRA,Chibi,Epic,Available,Chibi Collection Six; Official Merch,Neon Dawn
SIXCOLLECTIONALIBI,Chibi,Epic,Available,Chibi Collection Six; Official Merch,Neon Dawn
SIXCOLLECTIONDOKKAEBI,Chibi,Epic,Available,Chibi Collection Six; Official Merch,Neon Dawn
SIXCOLLECTIONCASTLE,Chibi,Epic,Available,Chibi Collection Six; Official Merch,Neon Dawn
SIXCOLLECTIONLESION,Chibi,Epic,Available,Chibi Collection Six; Official Merch,Neon Dawn
SIXCOLLECTIONKALI,Chibi,Epic,Available,Chibi Collection Six; Official Merch,Neon Dawn
SIXCOLLECTIONBUCK,Chibi,Epic,Available,Chibi Collection Six; Official Merch,North Star
SIXCOLLECTIONGRIDLOCK,Chibi,Epic,Available,Chibi Collection Six; Official Merch,North Star
SIXCOLLECTIONZOFIA,Chibi,Epic,Available,Chibi Collection Six; Official Merch,North Star
SIXCOLLECTIONZERO,Chibi,Epic,Available,Chibi Collection Six; Official Merch,North Star
SIXCOLLECTIONGLAZ,Chibi,Epic,Available,Chibi Collection Six; Official Merch,North Star
SIXCOLLECTIONMAVERICK,Chibi,Epic,Available,Chibi Collection Six; Official Merch,North Star
SIXCOLLECTIONKAPKAN,Chibi,Epic,Available,Chibi Collection Six; Official Merch,North Star
INFECTEDFANBOY,Chibi,Epic,Available,Chibi Collection Six; Official Merch,North Star
R6MEGAFAN,Chibi,Epic,Available,Chibi Collection Six; Official Merch,North Star
AWWWDANGEROUS,Chibi,Epic,Available,Chibi Collection Six; Official Merch,North Star
ELAESPORTSCHIBI,Chibi,Epic,Available,Chibi Collection Six; Official Merch,North Star
FINKAEUCHIBI,Chibi,Epic,Available,Chibi Collection Six; Official Merch,North Star
ABOMINABLESIEGEMAN,Chibi,Epic,Available,Chibi Collection Six; Official Merch,North Star
JAGERESPORTSCHIBI,Chibi,Epic,Available,Chibi Collection Six; Official Merch,North Star
KAPKANESPORTSCHIBI,Chibi,Epic,Available,Chibi Collection Six; Official Merch,North Star
LESIONAPACCHIBI,Chibi,Epic,Available,Chibi Collection Six; Official Merch,North Star
TRIGGERTRACKER,Chibi,Epic,Removed,M.U.T.E Protocol Event; Weekly Challenge,Steel Wave
MAVERICKNACHIBI,Chibi,Epic,Removed,M.U.T.E Protocol Event; Weekly Challenge,Steel Wave
MELUSILATAMCHIBI,Chibi,Epic,Available,Melusi Esports Set,North Star
MIRAESPORTSCHIBI,Chibi,Epic,Available,Melusi Esports Set,North Star
NOMADESPORTSCHIBI,Chibi,Epic,Available,Melusi Esports Set,North Star
JOYFULMADNESS,Chibi,Epic,Available,Melusi Esports Set,North Star
GOLDALIBICHIBI,Chibi,Epic,Removed,Pro League Alibi Set 1,Wind Bastion
GOLDAMARUCHIBI,Chibi,Epic,Removed,Pro League Alibi Set 1,Wind Bastion
GOLDASHCHIBI,Chibi,Epic,Removed,Pro League Ash Set 1,Dust Line
PROASHCHIBI,Chibi,Epic,Removed,Pro League Ash Set 1,Dust Line
GOLDBANDITCHIBI,Chibi,Epic,Removed,Pro League Ash Set 1,Dust Line
PROBANDITCHIBI,Chibi,Epic,Removed,Pro League Ash Set 1,Dust Line
GOLDBLACKBEARDCHIBI,Chibi,Epic,Removed,Pro League Ash Set 1,Dust Line
GOLDBLITZCHIBI,Chibi,Epic,Removed,Pro League Ash Set 1,Dust Line
GOLDBUCKCHIBI,Chibi,Epic,Removed,Pro League Ash Set 1,Dust Line
GOLDCAPITAOCHIBI,Chibi,Epic,Removed,Pro League Ash Set 1,Dust Line
GOLDCASTLECHIBI,Chibi,Epic,Removed,Pro League Ash Set 1,Dust Line
GOLDCAVEIRACHIBI,Chibi,Epic,Removed,Pro League Ash Set 1,Dust Line
GOLDCLASHCHIBI,Chibi,Epic,Removed,Pro League Ash Set 1,Dust Line
GOLDDOCCHIBI,Chibi,Epic,Removed,Pro League Ash Set 1,Dust Line
GOLDDOKKAEBICHIBI,Chibi,Epic,Removed,Pro League Ash Set 1,Dust Line
GOLDECHOCHIBI,Chibi,Epic,Removed,Pro League Ash Set 1,Dust Line
GOLDELACHIBI,Chibi,Epic,Removed,Pro League Ash Set 1,Dust Line
GOLDFINKACHIBI,Chibi,Epic,Removed,Pro League Ash Set 1,Dust Line
GOLDFROSTCHIBI,Chibi,Epic,Available,Pro League Frost Set 1; Siege Esports Packs,Velvet Shell
GOLDFUZECHIBI,Chibi,Epic,Available,Pro League Frost Set 1; Siege Esports Packs,Velvet Shell
GOLDGLAZCHIBI,Chibi,Epic,Removed,Pro League Glaz Set 1,Blood Orchid
GOLDGOYOCHIBI,Chibi,Epic,Removed,Pro League Glaz Set 1,Blood Orchid
GOLDGRIDLOCKCHIBI,Chibi,Epic,Removed,Pro League Glaz Set 1,Blood Orchid
GOLDHIBANACHIBI,Chibi,Epic,Removed,Pro League Glaz Set 1,Blood Orchid
GOLDIQCHIBI,Chibi,Epic,Removed,Pro League IQ Set 1,Red Crow
PROIQCHIBI,Chibi,Epic,Removed,Pro League IQ Set 1,Red Crow
GOLDJACKALCHIBI,Chibi,Epic,Removed,Pro League Jackal Set 1,Chimera
GOLDJAGERCHIBI,Chibi,Epic,Removed,Pro League Jackal Set 1,Chimera
PROJAGERCHIBI,Chibi,Epic,Removed,Pro League Jackal Set 1,Chimera
GOLDKAIDCHIBI,Chibi,Epic,Removed,Pro League Jackal Set 1,Chimera
GOLDKAPKANCHIBI,Chibi,Epic,Removed,Pro League Jackal Set 1,Chimera
GOLDLESIONCHIBI,Chibi,Epic,Removed,Pro League Jackal Set 1,Chimera
GOLDLIONCHIBI,Chibi,Epic,Removed,Pro League Jackal Set 1,Chimera
GOLDMAESTROCHIBI,Chibi,Epic,Removed,Pro League Jackal Set 1,Chimera
GOLDMAVERICKCHIBI,Chibi,Epic,Removed,Pro League Jackal Set 1,Chimera
GOLDMIRACHIBI,Chibi,Epic,Removed,Pro League Jackal Set 1,Chimera
GOLDMONTAGNECHIBI,Chibi,Epic,Removed,Pro League Jackal Set 1,Chimera
GOLDMOZZIECHIBI,Chibi,Epic,Removed,Pro League Jackal Set 1,Chimera
GOLDMUTECHIBI,Chibi,Epic,Removed,Pro League Jackal Set 1,Chimera
PROMUTECHIBI,Chibi,Epic,Removed,Pro League Jackal Set 1,Chimera
GOLDNOKKCHIBI,Chibi,Epic,Removed,Pro League Jackal Set 1,Chimera
GOLDNOMADCHIBI,Chibi,Epic,Removed,Pro League Jackal Set 1,Chimera
GOLDPULSECHIBI,Chibi,Epic,Removed,Pro League Pulse Set 1,Velvet Shell
GOLDROOKCHIBI,Chibi,Epic,Removed,Pro League Pulse Set 1,Velvet Shell
PROROOKCHIBI,Chibi,Epic,Removed,Pro League Rook Set 2,Phantom Sight
GOLDSLEDGECHIBI,Chibi,Epic,Removed,Pro League Rook Set 2,Phantom Sight
PROSLEDGECHIBI,Chibi,Epic,Removed,Pro League Rook Set 2,Phantom Sight
GOLDSMOKECHIBI,Chibi,Epic,Removed,Pro League Rook Set 2,Phantom Sight
GOLDTACHANKACHIBI,Chibi,Epic,Removed,Pro League Tachanka Set 1,Red Crow
PROTACHANKACHIBI,Chibi,Epic,Removed,Pro League Tachanka Set 1,Red Crow
GOLDTHATCHERCHIBI,Chibi,Epic,Removed,Pro League Thatcher Set 1,Skull Rain
PROTHATCHERCHIBI,Chibi,Epic,Removed,Pro League Thatcher Set 1,Skull Rain
GOLDTHERMITECHIBI,Chibi,Epic,Removed,Pro League Thatcher Set 1,Skull Rain
GOLDTWITCHCHIBI,Chibi,Epic,Removed,Pro League Thatcher Set 1,Skull Rain
PROTWITCHCHIBI,Chibi,Epic,Removed,Pro League Thatcher Set 1,Skull Rain
GOLDVALKYRIECHIBI,Chibi,Epic,Removed,Pro League Thatcher Set 1,Skull Rain
GOLDVIGILCHIBI,Chibi,Epic,Removed,Pro League Thatcher Set 1,Skull Rain
GOLDWARDENCHIBI,Chibi,Epic,Removed,Pro League Thatcher Set 1,Skull Rain
GOLDYINGCHIBI,Chibi,Epic,Removed,Pro League Thatcher Set 1,Skull Rain
GOLDZOFIACHIBI,Chibi,Epic,Removed,Pro League Thatcher Set 1,Skull Rain
LEPRECHAUN,Chibi,Epic,Removed,Pro League Thatcher Set 1,Skull Rain
SMOKEESPORTSCHIBI,Chibi,Epic,Removed,Pro League Thatcher Set 1,Skull Rain
TEEVEEBUDDY,Chibi,Epic,Removed,Pro League Thatcher Set 1,Skull Rain
TWITCHESPORTSCHIBI,Chibi,Epic,Removed,Pro League Thatcher Set 1,Skull Rain
PIZZABOY,Chibi,Epic,Removed,Pro League Thatcher Set 1,Skull Rain
IMMORTALSFENYXRISING,Chibi,Epic,Removed,Pro League Thatcher Set 1,Skull Rain
R6SUPERFAN,Chibi,Epic,Removed,WeChat Promotion,Para Bellum
RECRUITCHIBI,Chibi,Epic,Removed,WeChat Promotion,Para Bellum
MARCHINGNEON,Chibi,Epic,Removed,Weekly Challenge; M.U.T.E Protocol Event,Steel Wave
APEXCHIBI,Chibi,Epic,Removed,Weekly Challenge; M.U.T.E Protocol Event,Steel Wave
SMASHERCHIBI,Chibi,Epic,Removed,Weekly Challenge; M.U.T.E Protocol Event,Steel Wave
BREACHERCHIBI,Chibi,Epic,Removed,Weekly Challenge; M.U.T.E Protocol Event,Steel Wave
ROOTERCHIBI,Chibi,Epic,Removed,Weekly Challenge; Outbreak Event,Chimera
HEGRUNTCHIBI,Chibi,Epic,Removed,Weekly Challenge; Outbreak Event,Chimera
SHEGRUNTCHIBI,Chibi,Epic,Removed,Weekly Challenge; Outbreak Packs,Chimera
YINGESPORTSCHIBI,Chibi,Epic,Removed,Weekly Challenge; Outbreak Packs,Chimera
BLACKDRAGONS2020,Chibi,Epic,Removed,Weekly Challenge; Outbreak Packs,Chimera
BDSESPORT2020,Esport,Epic,Available,BDS Esport Weapon Kit '20; R6Share Program,Neon Dawn
CHAOSEC2020,Esport,Epic,Available,BDS Esport Weapon Kit '20; R6Share Program,Neon Dawn
CLOUD92019,Esport,Epic,Available,BDS Esport Weapon Kit '20; R6Share Program,Neon Dawn
CLOUD92020,Esport,Epic,Available,Cloud9 Weapon Kit '20; R6Share Program,Neon Dawn
2017INVITATIONAL,Esport,Epic,Available,Cloud9 Weapon Kit '20; R6Share Program,Neon Dawn
COMPETITIVEPLAYERGOLD,Esport,Epic,Removed,Convention Rewards,Black Ice
SIXMAJORPARISATTENDEE2018,Esport,Epic,Removed,Convention Rewards,Black Ice
SIXINVITATIONALATTENDEE19,Esport,Epic,Removed,Convention Rewards,Black Ice
SIXINVITATIONALATTENDEE18,Esport,Epic,Removed,Convention Rewards,Black Ice
COMPETITIVEPLAYER,Esport,Epic,Removed,Convention Rewards,Black Ice
DARKZEROESPORT2020,Esport,Epic,Removed,Convention Rewards,Black Ice
DISRUPTGAMING2020,Esport,Epic,Removed,Convention Rewards,Black Ice
EVILGENIUSES2018,Esport,Epic,Removed,Convention Rewards,Black Ice
EVILGENIUSES2019,Esport,Epic,Removed,Convention Rewards,Black Ice
FAZECLAN2018,Esport,Epic,Removed,Convention Rewards,Black Ice
FAZECLAN2019,Esport,Epic,Removed,Convention Rewards,Black Ice
FAZECLAN2020,Esport,Epic,Removed,Convention Rewards,Black Ice
FNATIC2018,Esport,Epic,Removed,Convention Rewards,Black Ice
FNATIC2019,Esport,Epic,Removed,Convention Rewards,Black Ice
FNATIC2020,Esport,Epic,Removed,Convention Rewards,Black Ice
G2ESPORTS2019,Esport,Epic,Removed,Convention Rewards,Black Ice
G2ESPORTS2020,Esport,Epic,Available,G2 Esports Full Kit '20,Shadow Legacy
GIANTSGAMING2020,Esport,Epic,Available,G2 Esports Full Kit '20,Shadow Legacy
INTZ2019,Esport,Epic,Removed,INTZ Full Kit '19; Pilot Program Phase 2,Phantom Sight
INTZ2020,Esport,Epic,Removed,INTZ Full Kit '19; Pilot Program Phase 2,Phantom Sight
IMMORTALS2018,Esport,Epic,Removed,INTZ Full Kit '19; Pilot Program Phase 2,Phantom Sight
KNIGHTS2020,Esport,Epic,Removed,INTZ Full Kit '19; Pilot Program Phase 2,Phantom Sight
MIBR2019,Esport,Epic,Removed,MIBR Full Kit '19; Pilot Program Phase 2,Phantom Sight
MIBR2020,Esport,Epic,Removed,MIBR Full Kit '19; Pilot Program Phase 2,Phantom Sight
MOUSESPORTS2018,Esport,Epic,Removed,Mousesports Full Kit '18,Grim Sky
NINJAINPAJAMAS2018,Esport,Epic,Removed,Mousesports Full Kit '18,Grim Sky
NINJASINPYJAMAS2020,Esport,Epic,Removed,Mousesports Full Kit '18,Grim Sky
NATUSVINCERE2019,Esport,Epic,Removed,Mousesports Full Kit '18,Grim Sky
NATUSVINCERE2020,Esport,Epic,Removed,Mousesports Full Kit '18,Grim Sky
NORARENGO2019,Esport,Epic,Removed,Mousesports Full Kit '18,Grim Sky
PENTA2018,Esport,Epic,Removed,Mousesports Full Kit '18,Grim Sky
PENTA2019,Esport,Epic,Removed,Mousesports Full Kit '18,Grim Sky
BLACKDRAGONS2021,Esport,Epic,Removed,Mousesports Full Kit '18,Grim Sky
BDSESPORT2021,Esport,Epic,Removed,Mousesports Full Kit '18,Grim Sky
CLOUD92021,Esport,Epic,Removed,Mousesports Full Kit '18,Grim Sky
DARKZEROESPORT2021,Esport,Epic,Removed,Mousesports Full Kit '18,Grim Sky
DISRUPTGAMING2021,Esport,Epic,Removed,Mousesports Full Kit '18,Grim Sky
TEAMEMPIRE2021,Esport,Epic,Removed,Mousesports Full Kit '18,Grim Sky
INTZ2021,Esport,Epic,Removed,Mousesports Full Kit '18,Grim Sky
KNIGHTS2021,Esport,Epic,Removed,Mousesports Full Kit '18,Grim Sky
MIBR2021,Esport,Epic,Available,R6Share Program; MIBR Weapon Kit '21,North Star
TEAMSECRET2021,Esport,Epic,Available,R6Share Program; MIBR Weapon Kit '21,North Star
VIRTUSPRO2021,Esport,Epic,Available,R6Share Program; VP Weapon Kit '21,North Star
VELVETSHELLPLATINUM,Esport,Epic,Available,R6Share Program; VP Weapon Kit '21,North Star
WHITENOISEPLATINUM,Esport,Epic,Available,R6Share Program; VP Weapon Kit '21,North Star
PARABELLUMPLATINUM,Esport,Epic,Available,R6Share Program; VP Weapon Kit '21,North Star
REDCROWPLATINUM,Esport,Epic,Removed,Ranked Rewards,Red Crow
BLOODORCHIDPLATINUM,Esport,Epic,Removed,Ranked Rewards,Red Crow
CHIMERAPLATINUM,Esport,Epic,Removed,Ranked Rewards,Chimera
DUSTLINEPLATINUM,Esport,Epic,Removed,Ranked Rewards,Chimera
BLACKICEPLATINUM,Esport,Epic,Removed,Ranked Rewards,Chimera
SKULLRAINPLATINUM,Esport,Epic,Removed,Ranked Rewards,Chimera
GRIMSKYPLATINUM,Esport,Epic,Removed,Ranked Rewards,Chimera
OPERATIONHEALTHPLATINUM,Esport,Epic,Removed,Ranked Rewards,Chimera
ICEDIAMONDCUP,Esport,Epic,Removed,Ranked Rewards,Chimera
BURNTHORIZONPLATINUM,Esport,Epic,Removed,Ranked Rewards,Chimera
CARBONCUP,Esport,Epic,Removed,Ranked Rewards,Chimera
WINDBASTIONPLATINUM,Esport,Epic,Removed,Ranked Rewards,Chimera
PHANTOMSIGHTPLATINUM,Esport,Epic,Removed,Ranked Rewards,Chimera
NEONDAWNPLATINUM,Esport,Epic,Removed,Ranked Rewards,Chimera
EMBERRISEPLATINUM,Esport,Epic,Removed,Ranked Rewards,Chimera
SHIFTINGTIDESPLATINUM,Esport,Epic,Removed,Ranked Rewards,Chimera
NORTHSTARPLATINUM,Esport,Epic,Removed,Ranked Rewards,Chimera
STEELWAVEPLATINUM,Esport,Epic,Removed,Ranked Rewards,Chimera
SHADOWLEGACYPLATINUM,Esport,Epic,Removed,Ranked Rewards,Shadow Legacy
VOIDEDGEPLATINUM,Esport,Epic,Removed,Ranked Rewards,Shadow Legacy
CRIMSONHEISTPLATINUM,Esport,Epic,Available,Ranked Rewards,Crimson Heist
ROGUE2018,Esport,Epic,Available,Ranked Rewards,Crimson Heist
ROGUE2019,Esport,Epic,Available,Ranked Rewards,Crimson Heist
ROGUE2020,Esport,Epic,Available,Ranked Rewards,Crimson Heist
SKGAMING2018,Esport,Epic,Removed,SK Gaming Weapon Kit,Grim Sky
SSG2019,Esport,Epic,Removed,SK Gaming Weapon Kit,Grim Sky
SSG2020,Esport,Epic,Available,SSG Full Kit '20,Shadow Legacy
TSM2020,Esport,Epic,Available,SSG Full Kit '20,Shadow Legacy
TEAMEMPIRE2019,Esport,Epic,Available,SSG Full Kit '20,Shadow Legacy
TEAMEMPIRE2020,Esport,Epic,Available,SSG Full Kit '20,Shadow Legacy
TEAMLIQUID2018,Esport,Epic,Available,SSG Full Kit '20,Shadow Legacy
TEAMLIQUID2019,Esport,Epic,Available,SSG Full Kit '20,Shadow Legacy
TEAMLIQUID2020,Esport,Epic,Available,SSG Full Kit '20,Shadow Legacy
TEAMSECRET2020,Esport,Epic,Available,SSG Full Kit '20,Shadow Legacy
TEAMVITALITY2018,Esport,Epic,Available,SSG Full Kit '20,Shadow Legacy
TEAMVITALITY2020,Esport,Epic,Available,SSG Full Kit '20,Shadow Legacy
SIXINVITATIONALGOLD18,Esport,Epic,Available,SSG Full Kit '20,Shadow Legacy
USAPROLEAGUEPLATINUM,Esport,Epic,Available,SSG Full Kit '20,Shadow Legacy
SIXMAJORPARISPLATINUM2018,Esport,Epic,Available,SSG Full Kit '20,Shadow Legacy
ITALYPROLEAGUEPLATINUM19,Esport,Epic,Available,SSG Full Kit '20,Shadow Legacy
SIXMAJORUSAPLATINUM2019,Esport,Epic,Available,SSG Full Kit '20,Shadow Legacy
ITALYPROLEAGUEDIAMOND19,Esport,Epic,Available,SSG Full Kit '20,Shadow Legacy
BRAZILPROLEAGUEPLATINUM,Esport,Epic,Removed,Twitch Drops,Grim Sky
SIXINVITATIONALPLATINIUM19,Esport,Epic,Removed,Twitch Drops,Grim Sky
SIXMAJORNLPLATINUM2020,Esport,Epic,Removed,Twitch Drops,Shadow Legacy
SIXMAJORJAPANPLATINUM2019,Esport,Epic,Removed,Twitch Drops,Shadow Legacy
SIEGEPROLEAGUE,Esport,Epic,Removed,Twitch Drops,Shadow Legacy
ENCE,Esport,Epic,Removed,Twitch Drops,Shadow Legacy
TEAMVITALITY,Esport,Epic,Removed,Unkown,Operation Health
EXCELLENCEGAMING,Esport,Epic,Removed,Unkown,Operation Health
FLIPSID3TACTICS,Esport,Epic,Removed,Unkown,Operation Health
PENTASPORTS,Esport,Epic,Removed,Unkown,Operation Health
VIRTUSPRO2020,Esport,Epic,Removed,Unkown,Operation Health
ELFCOMMANDO,Esport,Epic,Removed,Unkown,Operation Health
SCRAPPYREINDEER,Esport,Epic,Removed,Unkown,Operation Health
70PERCENTCACAO,Esport,Epic,Removed,Unkown,Operation Health
FUDGYBUNNY,Festive,Epic,Removed,Weekly Challenge,Velvet Shell
EGGHUNT,Festive,Epic,Removed,Weekly Challenge,Velvet Shell
IPUGU,Festive,Epic,Removed,Weekly Challenge,Wind Bastion
EGGQUEST,Festive,Epic,Removed,Weekly Challenge,Wind Bastion
GOODTIMECHEER,Festive,Epic,Removed,Weekly Challenge,Wind Bastion
SANTAKAPKAN,Festive,Epic,Removed,Weekly Challenge,Wind Bastion
SKATINGSKELETON,Festive,Epic,Removed,Weekly Challenge,Wind Bastion
MUMMY,Halloween,Epic,Available,Alpha Packs,Dust Line
KURU,Halloween,Epic,Available,Alpha Packs,Dust Line
HEADHUNTER,Halloween,Epic,Available,Blackbeard Grove Bundle,Grim Sky
GUNKY,Halloween,Epic,Available,Blackbeard Grove Bundle,Grim Sky
PATIENTZERO,Halloween,Epic,Available,Blackbeard Grove Bundle,Grim Sky
ONIBI,Halloween,Epic,Available,Dokkaebi Spirit Bundle,Neon Dawn
OMEGACROW,Halloween,Epic,Available,Dokkaebi Spirit Bundle,Neon Dawn
GALVANISED,Halloween,Epic,Removed,Doktor's Curse Packs,Ember Rise
GLOWER,Halloween,Epic,Removed,Doktor's Curse Packs,Ember Rise
YUREI,Halloween,Epic,Removed,Doktor's Curse Packs,Ember Rise
ABNORMALITY,Halloween,Epic,Removed,Doktor's Curse Packs,Ember Rise
PEEKABOO,Halloween,Epic,Removed,Doktor's Curse Packs,Ember Rise
SKULLY,Halloween,Epic,Removed,Doktor's Curse Packs,Ember Rise
REAPER,Halloween,Epic,Removed,Doktor's Curse Packs,Ember Rise
MEMENTOMORI,Halloween,Epic,Removed,Doktor's Curse Packs,Ember Rise
NEVERBONE,Halloween,Epic,Removed,Doktor's Curse Packs,Ember Rise
BLACKSMITHACE,Halloween,Epic,Removed,Doktor's Curse Packs,Ember Rise
COMPENSATION,Halloween,Epic,Removed,Doktor's Curse Packs,Ember Rise
BLACKSMITHCASTLE,Icon,Epic,Removed,Around The World Battlepass; Castle Blacksmith Bundle,Void Edge
GOLDPENDANT,Icon,Epic,Removed,Around The World Battlepass; Castle Blacksmith Bundle,Void Edge
AEGISBANSHEE,Icon,Epic,Available,Disruptor Pack; Ultimate Edition (Year 6),Crimson Heist
AEGISSELMA,Icon,Epic,Available,Disruptor Pack; Ultimate Edition (Year 6),Crimson Heist
AEGISNIGHTVISION,Icon,Epic,Available,Disruptor Pack; Ultimate Edition (Year 6),Crimson Heist
AEGISGATE,Icon,Epic,Available,Disruptor Pack; Ultimate Edition (Year 6),Crimson Heist
SIXTHGUARDIANDOC,Icon,Epic,Available,Disruptor Pack; Ultimate Edition (Year 6),Crimson Heist
FAZECLAN2021,Icon,Epic,Available,Disruptor Pack; Ultimate Edition (Year 6),Crimson Heist
FNATIC2021,Icon,Epic,Available,Disruptor Pack; Ultimate Edition (Year 6),Crimson Heist
G2ESPORTS2021,Icon,Epic,Available,Disruptor Pack; Ultimate Edition (Year 6),Crimson Heist
SIXMAJOREU2020,Icon,Epic,Available,Disruptor Pack; Ultimate Edition (Year 6),Crimson Heist
AEGISFLASK,Icon,Epic,Available,Disruptor Pack; Ultimate Edition (Year 6),Crimson Heist
NINJASINPYJAMAS2021,Icon,Epic,Available,Disruptor Pack; Ultimate Edition (Year 6),Crimson Heist
NATUSVINCERE2021,Icon,Epic,Available,Disruptor Pack; Ultimate Edition (Year 6),Crimson Heist
PARASITESIX,Icon,Epic,Available,Disruptor Pack; Ultimate Edition (Year 6),Crimson Heist
JADEBEAST,Icon,Epic,Available,Disruptor Pack; Ultimate Edition (Year 6),Crimson Heist
SEALTEAM,Icon,Epic,Available,Disruptor Pack; Ultimate Edition (Year 6),Crimson Heist
PICKLERICK,Icon,Epic,Available,Disruptor Pack; Ultimate Edition (Year 6),Crimson Heist
SI2020STARTER,Icon,Epic,Removed,Road to S.I. 2020 Event; Road to S.I. 2020 BattlePass; Sledge Light Bundle,Shifting Tides
TEAMCAPTAINMIRA,Icon,Epic,Removed,Road to S.I. 2020 Event; Road to S.I. 2020 BattlePass; Sledge Light Bundle,Shifting Tides
GREENTEAMCAPITAO,Icon,Epic,Removed,Road to S.I. 2021 Event; Six Invitational 2021 Battlepass,Neon Dawn
REDCAPTAINASH,Icon,Epic,Removed,Road to S.I. 2021 Event; Six Invitational 2021 Battlepass,Neon Dawn
BLUECAPTAINVIGIL,Icon,Epic,Removed,Road to S.I. 2021 Event; Six Invitational 2021 Battlepass,Neon Dawn
BLACKSMITHGOYO,Icon,Epic,Removed,Road to S.I. 2021 Event; Six Invitational 2021 Battlepass,Neon Dawn
BLACKSMITHZERO,Icon,Epic,Removed,Road to S.I. 2021 Event; Six Invitational 2021 Battlepass; Zero Blacksmith Bundle,Neon Dawn
CRAFTEDSIX,Icon,Epic,Removed,Road to S.I. 2021 Event; Six Invitational 2021 Battlepass; Zero Blacksmith Bundle,Neon Dawn
ROGUE2021,Icon,Epic,Available,Rogue Full Kit '21,Crimson Heist
SAUSIEGE,Icon,Epic,Available,Rogue Full Kit '21,Crimson Heist
SSG2021,Icon,Epic,Available,Rogue Full Kit '21,Crimson Heist
RAINBOWSIXESPORTS,Icon,Epic,Available,Rogue Full Kit '21,Crimson Heist
SUNSTARK,Icon,Epic,Available,Rogue Full Kit '21,Crimson Heist
TSM2021,Icon,Epic,Available,Rogue Full Kit '21,Crimson Heist
TEAMLIQUID2021,Icon,Epic,Available,Rogue Full Kit '21,Crimson Heist
BLACKSMITHNOKK,Icon,Epic,Available,Rogue Full Kit '21,Crimson Heist
AEGISSIX,Icon,Epic,Available,Rogue Full Kit '21,Crimson Heist
SI2020GAME,Icon,Epic,Available,Rogue Full Kit '21,Crimson Heist
SI2021COMMUNITY,Icon,Epic,Available,Rogue Full Kit '21,Crimson Heist
SI2021,Icon,Epic,Available,Rogue Full Kit '21,Crimson Heist
SI2021GAME,Icon,Epic,Available,Rogue Full Kit '21,Crimson Heist
SI2021BLACKBEARD,Icon,Epic,Available,Rogue Full Kit '21,Crimson Heist
SI2021VIP,Icon,Epic,Available,Rogue Full Kit '21,Crimson Heist
SI2021ESPORTS,Icon,Epic,Available,Rogue Full Kit '21,Crimson Heist
MYRIADTHATCHER,Icon,Epic,Removed,Twitch Prime Drops,Neon Dawn
AEGISEAGLE,Icon,Epic,Removed,Twitch Prime Drops,Neon Dawn
COMPETITOR,Icon,Epic,Removed,Unkown,Phantom Sight
DEATHSTARE,Icon,Epic,Removed,Unkown,Phantom Sight
GUARDIANVALKYRIE,Icon,Epic,Removed,Unkown,Phantom Sight
TEAMVITALITY2021,Icon,Epic,Removed,Unkown,Phantom Sight
THATCHERMEDALLION,Icon,Epic,Removed,Weekly Challenge,Operation Health
BANDITMEDALLION,Icon,Epic,Removed,Weekly Challenge,Operation Health
VALKYRIEMEDALLION,Icon,Epic,Removed,Weekly Challenge,Operation Health
BUCKMEDALLION,Icon,Epic,Removed,Weekly Challenge,Operation Health
GLAZMEDALLION,Icon,Epic,Removed,Weekly Challenge,Operation Health
SMOKEMEDALLION,Icon,Epic,Removed,Weekly Challenge,Operation Health
TALISMAN,Icon,Epic,Removed,Weekly Challenge,Operation Health
KAPKANMEDALLION,Icon,Epic,Removed,Weekly Challenge,Operation Health
FROSTMEDALLION,Icon,Epic,Removed,Weekly Challenge,Operation Health
GOLDMEDAL,Icon,Epic,Removed,Weekly Challenge,Operation Health
IQMEDALLION,Icon,Epic,Removed,Weekly Challenge,Operation Health
LAVASIX,Icon,Epic,Removed,Weekly Challenge,Operation Health
HEXAGONALSIX,Icon,Epic,Removed,Weekly Challenge,Operation Health
AEGISJAGER,Icon,Epic,Removed,Weekly Challenge,Operation Health
AEGISCANDELA,Icon,Epic,Removed,Weekly Challenge,Operation Health
PATROLBANDOLIER,Icon,Epic,Removed,Weekly Challenge,Operation Health
DIMETRODON,Item,Epic,Available,Alpha Packs,Operation Health
USPLASTICTANK,Item,Epic,Available,Alpha Packs,Operation Health
PLASTICINFANTRYMAN,Item,Epic,Available,Alpha Packs,Operation Health
PLASTICJEEP,Item,Epic,Available,Alpha Packs,Dust Line
PTERODACTYL,Item,Epic,Available,Alpha Packs,Dust Line
POKERCHIPS,Item,Epic,Available,Alpha Packs,Operation Health
TREX,Item,Epic,Available,Alpha Packs,Operation Health
GERMANPLASTICTANK,Item,Epic,Available,Alpha Packs,Operation Health
PLASTICCARGOTRUCK,Item,Epic,Available,Alpha Packs,Operation Health
TOILETPAPER,Item,Epic,Available,Alpha Packs,Operation Health
STEGOSAURUS,Item,Epic,Available,Alpha Packs,Operation Health
JOYSTICK,Item,Epic,Available,Alpha Packs,Operation Health
TRICERATOPS,Item,Epic,Available,Alpha Packs,Operation Health
BARBEDGASMASK,Item,Epic,Available,Alpha Packs,Operation Health
FITNESSTECH,Item,Epic,Available,Alpha Packs,Operation Health
TRACTORPULL,Item,Epic,Available,Alpha Packs,Operation Health
HERRESHOFF,Item,Epic,Available,Alpha Packs,Operation Health
VINTAGEANVIL,Item,Epic,Available,Alpha Packs,Operation Health
PRECIOUSOPAL,Item,Epic,Available,Alpha Packs,Operation Health
SHOTBALL,Item,Epic,Available,Alpha Packs,Operation Health
MIXTAPE,Item,Epic,Available,Alpha Packs,Operation Health
LASTBREATH,Item,Epic,Removed,Class Of Zero Battlepass,Shadow Legacy
FUCHIABOOM,Item,Epic,Removed,Class Of Zero Battlepass,Shadow Legacy
OMAMORI,Item,Epic,Available,Echo Demon Bundle,White Noise
DARKWING,Item,Epic,Available,Echo Demon Bundle,White Noise
KOKESHI,Item,Epic,Available,Echo Demon Bundle,White Noise
TOKYO,Item,Epic,Available,Echo Demon Bundle,White Noise
STEALTHARTIST,Item,Epic,Removed,Hidden Pursuits Bundle,Shadow Legacy
HAMSA,Item,Epic,Removed,Hidden Pursuits Bundle,Shadow Legacy
HARRYSLIFE,Item,Epic,Removed,Mini-Battlepass,Phantom Sight
HARRYSPROJECT,Item,Epic,Removed,Mini-Battlepass,Phantom Sight
BANHAMMER,Item,Epic,Removed,Mini-Battlepass,Phantom Sight
BREEZEBLOCK,Item,Epic,Removed,Mini-Battlepass,Phantom Sight
RACCOONBAIT,Item,Epic,Removed,Mini-Battlepass,Phantom Sight
NAVIGATIONTOOL,Item,Epic,Removed,Mini-Battlepass,Phantom Sight
RANGERKEYS,Item,Epic,Removed,Mini-Battlepass,Phantom Sight
PROFUZECHIBI,Item,Epic,Removed,Mini-Battlepass,Phantom Sight
GOLDKALICHIBI,Item,Epic,Removed,Mini-Battlepass,Phantom Sight
PROTHERMITECHIBI,Item,Epic,Removed,Mini-Battlepass,Phantom Sight
GOLDWAMAICHIBI,Item,Epic,Removed,Mini-Battlepass,Phantom Sight
HOMESTYLEMEAL,Item,Epic,Removed,Mini-Battlepass,Phantom Sight
FLIPPEDCOIN,Item,Epic,Removed,Mini-Battlepass,Phantom Sight
BURNTMANIKIN,Item,Epic,Removed,Mini-Battlepass,Phantom Sight
SECUREDCURRENCY,Item,Epic,Removed,Mini-Battlepass,Phantom Sight
SURPRISEPERFORMANCE,Item,Epic,Removed,Mini-Battlepass,Phantom Sight
SNOWBALLER,Item,Epic,Removed,Tour de Force Battlepass,Steel Wave
CUBBY,Item,Epic,Removed,Tour de Force Battlepass,Steel Wave
FLASHDRIVE,Item,Epic,Removed,Tour de Force Battlepass,Steel Wave
ELECTRIFY,Item,Epic,Removed,Tour de Force Battlepass,Steel Wave
THESURREALIST,Item,Epic,Removed,Tour de Force Battlepass,Steel Wave
HIBANASXKAIROS,Item,Epic,Removed,Tour de Force Battlepass,Steel Wave
TACHANKASRP46DEGTYARYOV,Item,Epic,Removed,Weekly Challenge,Red Crow
BLITZSG52SHIELD,Item,Epic,Removed,Weekly Challenge,Red Crow
SLEDGESCABER,Item,Epic,Removed,Weekly Challenge,Red Crow
TWITCHSSHOCKDRONE,Item,Epic,Removed,Weekly Challenge,Red Crow
VALKYRIESGYROCAM,Item,Epic,Removed,Weekly Challenge,Red Crow
CASTLESARMORPANEL,Item,Epic,Removed,Weekly Challenge,Red Crow
BUCKSSKELETONKEY,Item,Epic,Removed,Weekly Challenge,Red Crow
BACONSTRIP,Item,Epic,Removed,Weekly Challenge,Red Crow
UNIPEG,Item,Epic,Removed,Weekly Challenge,Red Crow
4ACES,Natural,Epic,Available,Alpha Packs,Operation Health
KOOKYLLAMA,Natural,Epic,Available,Alpha Packs,Operation Health
TOUGHCANARY,Natural,Epic,Available,Amber Gleam Bundle,Neon Dawn
BOONIEBEAVER,Natural,Epic,Available,Amber Gleam Bundle,Neon Dawn
STUMPER,Natural,Epic,Available,Amber Gleam Bundle,Neon Dawn
STREETWISE,Natural,Epic,Available,Amber Gleam Bundle,Neon Dawn
PIPESNAKE,Natural,Epic,Available,Amber Gleam Bundle,Neon Dawn
ANARCHOBEAR,Natural,Epic,Available,Amber Gleam Bundle,Neon Dawn
EELTRINKET,Natural,Epic,Available,Amber Gleam Bundle,Neon Dawn
BIGCAT,Natural,Epic,Available,Amber Gleam Bundle,Neon Dawn
MAWSPHERE,Natural,Epic,Available,Amber Gleam Bundle,Neon Dawn
RADDIE,Natural,Epic,Available,Amber Gleam Bundle,Neon Dawn
FLYINGTIGER,Natural,Epic,Available,Amber Gleam Bundle,Neon Dawn
GREATNORTHERNDIVER,Natural,Epic,Available,Amber Gleam Bundle,Neon Dawn
LUCKYCAT,Natural,Epic,Available,Amber Gleam Bundle,Neon Dawn
CLOVER,Natural,Epic,Available,Amber Gleam Bundle,Neon Dawn
RABBITSFOOT,Natural,Epic,Available,Amber Gleam Bundle,Neon Dawn
PLUSHIESHU,Natural,Epic,Available,Amber Gleam Bundle,Neon Dawn
HARDCORE,Natural,Epic,Available,Rubber Ducks Charm Bundle,Velvet Shell
RUBBERDUCK,Natural,Epic,Available,Rubber Ducks Charm Bundle,Velvet Shell
DUCKYDEVIL,Natural,Epic,Available,Rubber Ducks Charm Bundle,Velvet Shell
QUACKED,Natural,Epic,Available,Rubber Ducks Charm Bundle,Velvet Shell
DEADLIFT,Natural,Epic,Available,Rubber Ducks Charm Bundle,Velvet Shell
SQUEAKYSCOUT,Natural,Epic,Available,Rubber Ducks Charm Bundle,Velvet Shell
FRITE,Natural,Epic,Available,Saint-Jean Bundle,Dust Line
MATRYOSHBEAR,Natural,Epic,Available,Saint-Jean Bundle,Dust Line
BUBO,Natural,Epic,Available,Valkyrie Umbrage Bundle,Grim Sky
JUDGEDOG,Natural,Epic,Available,Valkyrie Umbrage Bundle,Grim Sky
BAGUETTE,Natural,Epic,Available,Valkyrie Umbrage Bundle,Grim Sky
THANKSGIVINGDRUMSTICK,Natural,Epic,Available,Valkyrie Umbrage Bundle,Grim Sky
PRETZEL,Natural,Epic,Available,Valkyrie Umbrage Bundle,Grim Sky
MAMIE,Natural,Epic,Available,Valkyrie Umbrage Bundle,Grim Sky
TURKEYTOY,Natural,Epic,Available,Valkyrie Umbrage Bundle,Grim Sky
NIGHTTIMECOMPANION,Natural,Epic,Available,Valkyrie Umbrage Bundle,Grim Sky
WINDMILL,Natural,Epic,Available,Valkyrie Umbrage Bundle,Grim Sky
GERMANROUNDEL,Place,Epic,Removed,Weekly Challenge,Blood Orchid
FRENCHROUNDEL,Place,Epic,Removed,Weekly Challenge,Blood Orchid
COMMONWEALTHOFNATIONS,Place,Epic,Removed,Weekly Challenge,Velvet Shell
RUSSIANROUNDEL,Place,Epic,Removed,Weekly Challenge,Velvet Shell
FR,Place,Epic,Removed,Weekly Challenge,Velvet Shell
UNIONJACK,Place,Epic,Removed,Weekly Challenge,Velvet Shell
CA,Place,Epic,Removed,Weekly Challenge,Velvet Shell
DE,Place,Epic,Removed,Weekly Challenge,Skull Rain
MOTHER,Place,Epic,Removed,Weekly Challenge,Skull Rain
BRAZILIANROUNDEL,Place,Epic,Removed,Weekly Challenge,Skull Rain
RU,Place,Epic,Removed,Weekly Challenge,Skull Rain
CANADIANROUNDEL,Place,Epic,Removed,Weekly Challenge,Skull Rain
USA,Place,Epic,Removed,Weekly Challenge,Skull Rain
FLAGOFJAPAN,Place,Epic,Removed,Weekly Challenge,Skull Rain
ANCESTORWISEMAN,Place,Epic,Removed,Weekly Challenge,Skull Rain
FLAGOFBRITAIN,Place,Epic,Removed,Weekly Challenge,Skull Rain
BALDEAGLEROUNDEL,Place,Epic,Removed,Weekly Challenge,Skull Rain
BRASIL,Place,Epic,Removed,Weekly Challenge,Dust Line
ORIZURU,Place,Epic,Removed,Weekly Challenge,Dust Line
AKURYO,Seasonal,Epic,Removed,Majestic Bundle,Red Crow
FIREROOSTER,Seasonal,Epic,Removed,Majestic Bundle,Red Crow
WUSHEE,Seasonal,Epic,Removed,Majestic Bundle,Red Crow
SNAPPY,Seasonal,Epic,Removed,Majestic Bundle,Red Crow
AMAEBI,Seasonal,Epic,Removed,Rising Sun Bundle,Red Crow
LANTERN,Seasonal,Epic,Removed,Rising Sun Bundle,Red Crow
JOHNSTONI,Seasonal,Epic,Removed,Swamp Stalker Bundle,Burnt Horizon
AMAGUMO,Seasonal,Epic,Removed,Swamp Stalker Bundle,Burnt Horizon
TRAVELINGSTARFISH,Seasonal,Epic,Removed,Swamp Stalker Bundle,Burnt Horizon
FULUSHOU,Seasonal,Epic,Removed,Swamp Stalker Bundle,Burnt Horizon
LILLEXI,Seasonal,Epic,Removed,Swamp Stalker Bundle,Burnt Horizon
PUNJISTICK,Streamer,Epic,Available,Streamer Rewards,Para Bellum
ZIRONIC,Streamer,Epic,Available,Streamer Rewards,Para Bellum
TANGYD,Streamer,Epic,Available,Streamer Rewards,Para Bellum
MACIEJAY,Streamer,Epic,Available,Streamer Rewards,Para Bellum
ANNEMUNITION,Streamer,Epic,Available,Streamer Rewards,Para Bellum
SHORTYYGUY,Streamer,Epic,Available,Streamer Rewards,Para Bellum
TATTED,Streamer,Epic,Available,Streamer Rewards,Para Bellum
BNANS,Streamer,Epic,Available,Streamer Rewards,Burnt Horizon
KALERA,Streamer,Epic,Available,Streamer Rewards,Burnt Horizon
JINU6734,Streamer,Epic,Available,Streamer Rewards,Burnt Horizon
BIKINIBODHI,Streamer,Epic,Available,Streamer Rewards,Burnt Horizon
GIANTWAFFLE,Streamer,Epic,Available,Streamer Rewards,Burnt Horizon
SHROUD,Streamer,Epic,Available,Streamer Rewards,Burnt Horizon
MATIMI0,Streamer,Epic,Available,Streamer Rewards,Burnt Horizon
KINGGEORGES,Streamer,Epic,Available,Streamer Rewards,Burnt Horizon
SILPHTV,Streamer,Epic,Available,Streamer Rewards,Burnt Horizon
INTERRO,Streamer,Epic,Available,Streamer Rewards,Burnt Horizon
REMGURI,Streamer,Epic,Available,Streamer Rewards,Shadow Legacy
KITTYR6,Streamer,Epic,Available,Streamer Rewards,Shadow Legacy
BIGHEAD033,Streamer,Epic,Available,Streamer Rewards,Phantom Sight
JERICHOFIVE,Streamer,Epic,Available,Streamer Rewards,Phantom Sight
XSEXYCAKE,Streamer,Epic,Available,Streamer Rewards,Phantom Sight
JESSGOAT,Streamer,Epic,Available,Streamer Rewards,Phantom Sight
YOBOYROY,Streamer,Epic,Available,Streamer Rewards,North Star
PALADINAMBER,Streamer,Epic,Available,Streamer Rewards,North Star
THEM3RRY,Streamer,Epic,Available,Streamer Rewards,Crimson Heist
VARSITYGAMING,Streamer,Epic,Available,Streamer Rewards,Crimson Heist
ZIGUEIRA,Streamer,Epic,Available,Streamer Rewards,Crimson Heist
WHITESHARK67,Streamer,Epic,Available,Streamer Rewards,Crimson Heist
LTCUSTARD,Streamer,Epic,Available,Streamer Rewards,Crimson Heist
DRID,Streamer,Epic,Available,Streamer Rewards,Crimson Heist
ZANDERLP,Streamer,Epic,Available,Streamer Rewards,Crimson Heist
ALFREDOPLAYS,Streamer,Epic,Available,Streamer Rewards,Crimson Heist
SALTYACADEMY,Streamer,Epic,Available,Streamer Rewards,Crimson Heist
KIXSTAR,Streamer,Epic,Available,Streamer Rewards,Crimson Heist
PENGU,Streamer,Epic,Available,Streamer Rewards,Void Edge
JUST9N,Streamer,Epic,Available,Streamer Rewards,Void Edge
BEAULO,Streamer,Epic,Available,Streamer Rewards,Steel Wave
AD9M,Streamer,Epic,Available,Streamer Rewards,Steel Wave
LAGONIS,Streamer,Epic,Available,Streamer Rewards,Steel Wave
TRANTH,Streamer,Epic,Available,Streamer Rewards,Steel Wave
NARCOLEPTICNUGGET,Streamer,Epic,Available,Streamer Rewards,Phantom Sight
RUBSARB,Streamer,Epic,Available,Streamer Rewards,Phantom Sight
GABBO,Streamer,Epic,Available,Streamer Rewards,Shifting Tides
BRACTION6,Streamer,Epic,Available,Streamer Rewards,Shifting Tides
MRBBOY45,Streamer,Epic,Available,Streamer Rewards,Shifting Tides
MAVERICKCHIBI,Streamer,Epic,Available,Streamer Rewards,Shifting Tides
JACKALCHIBI,Streamer,Epic,Available,Streamer Rewards,Shifting Tides
LESIONCHIBI,Chibi,Rare,Available,Alpha Packs,Blood Orchid
CAVEIRACHIBI,Chibi,Rare,Available,Alpha Packs,Blood Orchid
HIBANACHIBI,Chibi,Rare,Available,Alpha Packs,Red Crow
ELACHIBI,Chibi,Rare,Available,Alpha Packs,Red Crow
MAESTROCHIBI,Chibi,Rare,Available,Alpha Packs,Red Crow
FINKACHIBI,Chibi,Rare,Available,Alpha Packs,Red Crow
WHITEMASK,Chibi,Rare,Available,Alpha Packs,Red Crow
LIONCHIBI,Chibi,Rare,Available,Alpha Packs,Red Crow
MIRACHIBI,Chibi,Rare,Available,Alpha Packs,Red Crow
ALIBICHIBI,Chibi,Rare,Available,Alpha Packs,Red Crow
CLASHCHIBI,Chibi,Rare,Available,Alpha Packs,Red Crow
VIGILCHIBI,Chibi,Rare,Available,Alpha Packs,Red Crow
ZOFIACHIBI,Chibi,Rare,Available,Alpha Packs,Red Crow
YINGCHIBI,Chibi,Rare,Available,Alpha Packs,Red Crow
DOKKAEBICHIBI,Chibi,Rare,Available,Alpha Packs,Red Crow
CAPITAOCHIBI,Chibi,Rare,Available,Alpha Packs,Red Crow
ECHOCHIBI,Chibi,Rare,Available,Alpha Packs,Red Crow
GRIDLOCKCHIBI,Chibi,Rare,Available,Alpha Packs,Red Crow
MOZZIECHIBI,Chibi,Rare,Available,Alpha Packs,Burnt Horizon
KAIDCHIBI,Chibi,Rare,Available,Alpha Packs,Burnt Horizon
NOMADCHIBI,Chibi,Rare,Available,Alpha Packs,Wind Bastion
NOKKCHIBI,Chibi,Rare,Available,Alpha Packs,Wind Bastion
WARDENCHIBI,Chibi,Rare,Available,Alpha Packs,Wind Bastion
AMARUCHIBI,Chibi,Rare,Available,Alpha Packs,Wind Bastion
KALICHIBI,Chibi,Rare,Available,Alpha Packs,Shifting Tides
IANACHIBI,Chibi,Rare,Available,Alpha Packs,Shifting Tides
ZEROCHIBI,Chibi,Rare,Available,Alpha Packs,Shadow Legacy
ORYXCHIBI,Chibi,Rare,Available,Alpha Packs,Shadow Legacy
GOYOCHIBI,Chibi,Rare,Available,Alpha Packs,Shadow Legacy
WAMAICHIBI,Chibi,Rare,Available,Alpha Packs,Shadow Legacy
BUCKCHIBI,Chibi,Rare,Available,Alpha Packs,Shadow Legacy
THATCHERCHIBI,Chibi,Rare,Available,Alpha Packs,Shadow Legacy
ASHCHIBI,Chibi,Rare,Available,Alpha Packs,Shadow Legacy
SLEDGECHIBI,Chibi,Rare,Available,Alpha Packs,Shadow Legacy
GLAZCHIBI,Chibi,Rare,Available,Alpha Packs,Shadow Legacy
MONTAGNECHIBI,Chibi,Rare,Available,Alpha Packs,Shadow Legacy
IQCHIBI,Chibi,Rare,Available,Alpha Packs,Shadow Legacy
BLITZCHIBI,Chibi,Rare,Available,Alpha Packs,Shadow Legacy
TWITCHCHIBI,Chibi,Rare,Available,Alpha Packs,Shadow Legacy
BLACKBEARDCHIBI,Chibi,Rare,Available,Alpha Packs,Shadow Legacy
FUZECHIBI,Chibi,Rare,Available,Alpha Packs,Shadow Legacy
THERMITECHIBI,Chibi,Rare,Available,Alpha Packs,Shadow Legacy
PULSECHIBI,Chibi,Rare,Available,Defender Chibi Charms; Alpha Packs,Dust Line
VALKYRIECHIBI,Chibi,Rare,Available,Defender Chibi Charms; Alpha Packs,Dust Line
CASTLECHIBI,Chibi,Rare,Available,Defender Chibi Charms; Alpha Packs,Dust Line
JAGERCHIBI,Chibi,Rare,Available,Defender Chibi Charms; Alpha Packs,Dust Line
TACHANKACHIBI,Chibi,Rare,Available,Defender Chibi Charms; Alpha Packs,Dust Line
KAPKANCHIBI,Chibi,Rare,Available,Defender Chibi Charms; Alpha Packs,Dust Line
ROOKCHIBI,Chibi,Rare,Available,Defender Chibi Charms; Alpha Packs,Dust Line
DOCCHIBI,Chibi,Rare,Available,Defender Chibi Charms; Alpha Packs,Dust Line
FROSTCHIBI,Chibi,Rare,Available,Defender Chibi Charms; Alpha Packs,Dust Line
BANDITCHIBI,Chibi,Rare,Available,Defender Chibi Charms; Alpha Packs,Dust Line
MUTECHIBI,Chibi,Rare,Available,Defender Chibi Charms; Alpha Packs,Dust Line
SMOKECHIBI,Chibi,Rare,Available,Defender Chibi Charms; Alpha Packs,Dust Line
ELDUENDE,Chibi,Rare,Available,Defender Chibi Charms; Alpha Packs,Dust Line
RETROTOYBOT,Chibi,Rare,Available,Defender Chibi Charms; Alpha Packs,Dust Line
ARUNICHIBI,Chibi,Rare,Available,Defender Chibi Charms; Alpha Packs,Dust Line
THUNDERBIRDCHIBI,Chibi,Rare,Available,Defender Chibi Charms; Alpha Packs,Dust Line
FLORESCHIBI,Chibi,Rare,Available,Defender Chibi Charms; Alpha Packs,Dust Line
ACECHIBI,Chibi,Rare,Available,Defender Chibi Charms; Alpha Packs,Dust Line
MELUSICHIBI,Chibi,Rare,Available,Defender Chibi Charms; Alpha Packs,Dust Line
TASTYMARIACHI,Chibi,Rare,Available,Defender Chibi Charms; Alpha Packs,Dust Line
SPACETRAVELER,Chibi,Rare,Available,Defender Chibi Charms; Alpha Packs,Dust Line
OPERATIONHEALTHGOLD,Chibi,Rare,Available,Defender Chibi Charms; Alpha Packs,Dust Line
WHITENOISEGOLD,Esport,Rare,Removed,Ranked Rewards,White Noise
SKULLRAINGOLD,Esport,Rare,Removed,Ranked Rewards,White Noise
GRIMSKYGOLD,Esport,Rare,Removed,Ranked Rewards,Grim Sky
BLOODORCHIDGOLD,Esport,Rare,Removed,Ranked Rewards,Grim Sky
DUSTLINEGOLD,Esport,Rare,Removed,Ranked Rewards,Grim Sky
REDCROWGOLD,Esport,Rare,Removed,Ranked Rewards,Grim Sky
CHIMERAGOLD,Esport,Rare,Removed,Ranked Rewards,Chimera
BLACKICEGOLD,Esport,Rare,Removed,Ranked Rewards,Chimera
VELVETSHELLGOLD,Esport,Rare,Removed,Ranked Rewards,Velvet Shell
PARABELLUMGOLD,Esport,Rare,Removed,Ranked Rewards,Velvet Shell
PHANTOMSIGHTGOLD,Esport,Rare,Removed,Ranked Rewards,Velvet Shell
BURNTHORIZONGOLD,Esport,Rare,Removed,Ranked Rewards,Velvet Shell
WINDBASTIONGOLD,Esport,Rare,Removed,Ranked Rewards,Velvet Shell
MAJORLEAGUECUP,Esport,Rare,Removed,Ranked Rewards,Velvet Shell
SHIFTINGTIDESGOLD,Esport,Rare,Removed,Ranked Rewards,Velvet Shell
SHADOWLEGACYGOLD,Esport,Rare,Removed,Ranked Rewards,Velvet Shell
NORTHSTARGOLD,Esport,Rare,Removed,Ranked Rewards,Velvet Shell
EMBERRISEGOLD,Esport,Rare,Removed,Ranked Rewards,Velvet Shell
VOIDEDGEGOLD,Esport,Rare,Removed,Ranked Rewards,Velvet Shell
STEELWAVEGOLD,Esport,Rare,Removed,Ranked Rewards,Velvet Shell
NEONDAWNGOLD,Esport,Rare,Removed,Ranked Rewards,Velvet Shell
CRIMSONHEISTGOLD,Esport,Rare,Removed,Ranked Rewards,Velvet Shell
SIXINVITATIONALSILVER18,Esport,Rare,Removed,Ranked Rewards,Velvet Shell
USAPROLEAGUEGOLD,Esport,Rare,Removed,Ranked Rewards,Velvet Shell
BRAZILPROLEAGUEGOLD,Esport,Rare,Removed,Twitch Drops,Grim Sky
SIXMAJORPARISGOLD2018,Esport,Rare,Removed,Twitch Drops,Grim Sky
SIXMAJORUSAGOLD2019,Esport,Rare,Removed,Twitch Drops,Phantom Sight
SIXINVITATIONALGOLD19,Esport,Rare,Removed,Twitch Drops,Phantom Sight
ITALYPROLEAGUEGOLD19,Esport,Rare,Removed,Twitch Drops,Phantom Sight
SIXMAJORJAPANGOLD2019,Esport,Rare,Removed,Twitch Drops,Phantom Sight
SIXMAJORNLGOLD2020,Esport,Rare,Removed,Twitch Drops,Shadow Legacy
PROSPERITY,Esport,Rare,Removed,Twitch Drops,Shadow Legacy
GOLDENTANGERINE,Festive,Rare,Removed,Chinese New Year Bundle,White Noise
CELEBRATION,Festive,Rare,Removed,Chinese New Year Bundle,White Noise
GOODWISHES,Festive,Rare,Removed,Chinese New Year Bundle,White Noise
LOVETARGET,Festive,Rare,Removed,Chinese New Year Bundle,White Noise
SIEGEORNAMENT,Festive,Rare,Removed,Chinese New Year Bundle,White Noise
HATCHLING,Festive,Rare,Removed,Weekly Challenge,Chimera
R6STOCKING,Festive,Rare,Removed,Weekly Challenge,Chimera
LOVESTRUCK,Festive,Rare,Removed,Weekly Challenge,White Noise
PARTY2018,Festive,Rare,Removed,Weekly Challenge,White Noise
COUNTDOWN,Festive,Rare,Removed,Weekly Challenge,White Noise
STOCKINGPUP,Festive,Rare,Removed,Weekly Challenge,White Noise
NEWYEARGLITZ,Festive,Rare,Removed,Weekly Challenge,White Noise
GINGERSNAP,Festive,Rare,Removed,Weekly Challenge,White Noise
INVISIBLEHAT,Festive,Rare,Removed,Weekly Challenge,White Noise
ZOMBIEBUNNY,Festive,Rare,Removed,Weekly Challenge,White Noise
GHOST,Halloween,Rare,Available,Alpha Packs,Dust Line
GRAVESTONE,Halloween,Rare,Available,Alpha Packs,Dust Line
BLACKCAT,Halloween,Rare,Available,Alpha Packs,Dust Line
KITTYPUMPKIN,Halloween,Rare,Available,Alpha Packs,Dust Line
DEADPINESSTAFF,Halloween,Rare,Available,Alpha Packs,Dust Line
HAYMAN,Halloween,Rare,Available,Alpha Packs,Dust Line
FLYINGDEAD,Halloween,Rare,Removed,Crimson Veil Packs,Grim Sky
MOLTENMAN,Halloween,Rare,Removed,Crimson Veil Packs,Grim Sky
MYLING,Halloween,Rare,Removed,Crimson Veil Packs,Grim Sky
SEPTICSNACK,Halloween,Rare,Removed,Crimson Veil Packs,Grim Sky
OPUSINJECTION,Halloween,Rare,Removed,Crimson Veil Packs,Grim Sky
THORNSOFFATE,Halloween,Rare,Removed,Crimson Veil Packs,Grim Sky
MRSMILEY,Halloween,Rare,Removed,Crimson Veil Packs,Grim Sky
PARASITEBREACH,Halloween,Rare,Removed,Crimson Veil Packs,Grim Sky
SPOOPY,Halloween,Rare,Removed,Crimson Veil Packs,Grim Sky
INFECTEDLONGHORN,Halloween,Rare,Removed,Crimson Veil Packs,Grim Sky
SKULL,Halloween,Rare,Removed,Crimson Veil Packs,Grim Sky
BONEFRAGMENT,Halloween,Rare,Removed,Crimson Veil Packs,Grim Sky
SKELETON,Halloween,Rare,Removed,Crimson Veil Packs,Grim Sky
EERIE,Halloween,Rare,Removed,Crimson Veil Packs,Grim Sky
DOCSHUMANITY,Halloween,Rare,Removed,Crimson Veil Packs,Grim Sky
FLASHBANG,Halloween,Rare,Removed,Crimson Veil Packs,Grim Sky
JTF2MOTTO,Halloween,Rare,Removed,Crimson Veil Packs,Grim Sky
COLDZERO,Icon,Rare,Available,Alpha Packs,Dust Line
CRACKED,Icon,Rare,Available,Alpha Packs,Dust Line
RETURNFIRE,Icon,Rare,Available,Alpha Packs,Dust Line
BREACH,Icon,Rare,Available,Alpha Packs,Dust Line
UBISOFT,Icon,Rare,Available,Alpha Packs,Dust Line
DIRECTORMIRA,Icon,Rare,Available,Alpha Packs,Dust Line
WATCHDOGS,Icon,Rare,Available,Alpha Packs,Dust Line
OUTLAW,Icon,Rare,Available,Alpha Packs,Dust Line
JOLLYROGER,Icon,Rare,Available,Alpha Packs,Dust Line
FARCRY,Icon,Rare,Available,Alpha Packs,Dust Line
ZEROPUPILSLEDGE,Icon,Rare,Available,Alpha Packs,Dust Line
ZEROPUPILLESION,Icon,Rare,Available,Alpha Packs,Dust Line
ZEROPUPILNOKK,Icon,Rare,Available,Alpha Packs,Dust Line
ZEROPUPILVIGIL,Icon,Rare,Available,Alpha Packs,Dust Line
ZEROPUPILJACKAL,Icon,Rare,Available,Alpha Packs,Dust Line
ZEROPUPILFUZE,Icon,Rare,Available,Alpha Packs,Dust Line
ELEMENTALREVERENCE,Icon,Rare,Available,Alpha Packs,Dust Line
DAUGHTERSPEARLS,Icon,Rare,Available,Alpha Packs,Dust Line
DEEPPOCKETS,Icon,Rare,Removed,Crimson Heist Battlepass,Crimson Heist
OLDGIGSWAGE,Icon,Rare,Removed,Crimson Heist Battlepass,Crimson Heist
RAYMICOIN,Icon,Rare,Removed,Crimson Heist Battlepass,Crimson Heist
COMPANIONMEMORIAL,Icon,Rare,Removed,Crimson Heist Battlepass,Crimson Heist
LUCKYCHIP,Icon,Rare,Removed,Crimson Heist Battlepass,Crimson Heist
SAPPHIREWHEEL,Icon,Rare,Removed,Crimson Heist Battlepass,Crimson Heist
THEDIVISION,Icon,Rare,Removed,Frost Division Set DLC,Skull Rain
ANARCHY,Icon,Rare,Removed,Frost Division Set DLC,Skull Rain
HAZARDWARNING,Icon,Rare,Available,Fuze Quicksand Bundle,Operation Health
GHOSTRECON,Icon,Rare,Available,Fuze Quicksand Bundle,Operation Health
SACREDHEART,Icon,Rare,Available,Fuze Quicksand Bundle,Operation Health
EXALTED,Icon,Rare,Available,Fuze Quicksand Bundle,Operation Health
ALLSEEING,Icon,Rare,Available,Fuze Quicksand Bundle,Operation Health
ASSASSINSCREED,Icon,Rare,Available,Fuze Quicksand Bundle,Operation Health
R6CADUCEUS,Icon,Rare,Available,Fuze Quicksand Bundle,Operation Health
SMOKE,Icon,Rare,Available,Fuze Quicksand Bundle,Operation Health
THERMITE,Icon,Rare,Available,Fuze Quicksand Bundle,Operation Health
FUZE,Icon,Rare,Available,Fuze Quicksand Bundle,Operation Health
PULSE,Icon,Rare,Available,Fuze Quicksand Bundle,Operation Health
ASH,Icon,Rare,Available,Fuze Quicksand Bundle,Operation Health
DOC,Icon,Rare,Available,Fuze Quicksand Bundle,Operation Health
JAGER,Icon,Rare,Available,Fuze Quicksand Bundle,Operation Health
GLAZ,Icon,Rare,Available,Fuze Quicksand Bundle,Operation Health
THATCHER,Icon,Rare,Available,Fuze Quicksand Bundle,Operation Health
SLEDGE,Icon,Rare,Available,Ops Icon Charm Bundle DLC,Dust Line
BLITZ,Icon,Rare,Available,Ops Icon Charm Bundle DLC,Dust Line
KAPKAN,Icon,Rare,Available,Ops Icon Charm Bundle DLC,Dust Line
MONTAGNE,Icon,Rare,Available,Ops Icon Charm Bundle DLC,Dust Line
ROOK,Icon,Rare,Available,Ops Icon Charm Bundle DLC,Dust Line
CASTLE,Icon,Rare,Available,Ops Icon Charm Bundle DLC,Dust Line
TACHANKA,Icon,Rare,Available,Ops Icon Charm Bundle DLC,Dust Line
MUTE,Icon,Rare,Available,Ops Icon Charm Bundle DLC,Dust Line
BANDIT,Icon,Rare,Available,Ops Icon Charm Bundle DLC,Dust Line
TWITCH,Icon,Rare,Available,Ops Icon Charm Bundle DLC,Dust Line
IQ,Icon,Rare,Available,Ops Icon Charm Bundle DLC,Dust Line
R6CBRN,Icon,Rare,Available,Ops Icon Charm Bundle DLC,Dust Line
COMBATREADY,Icon,Rare,Available,Ops Icon Charm Bundle DLC,Dust Line
TACHANKARIM,Icon,Rare,Available,Ops Icon Charm Bundle DLC,Dust Line
TEAMGERMANY2020,Icon,Rare,Available,Ops Icon Charm Bundle DLC,Dust Line
TEAMUSA2020,Icon,Rare,Available,Ops Icon Charm Bundle DLC,Dust Line
TEAMAUSTRALIA2020,Icon,Rare,Available,Ops Icon Charm Bundle DLC,Dust Line
TEAMUK2020,Icon,Rare,Available,Ops Icon Charm Bundle DLC,Dust Line
TEAMJAPAN2020,Icon,Rare,Available,Ops Icon Charm Bundle DLC,Dust Line
TEAMBRAZIL2020,Icon,Rare,Available,Ops Icon Charm Bundle DLC,Dust Line
SIGNATURESIX21,Icon,Rare,Available,Ops Icon Charm Bundle DLC,Dust Line
SI2021BLACK,Icon,Rare,Available,Ops Icon Charm Bundle DLC,Dust Line
SMELTINGIRON,Icon,Rare,Available,Ops Icon Charm Bundle DLC,Dust Line
REDTEAMMATEWAMAI,Icon,Rare,Available,Ops Icon Charm Bundle DLC,Dust Line
BLUETEAMIQ,Icon,Rare,Removed,Road to S.I. 2021 Event; Twitch Drops,Neon Dawn
ORANGETEAMMATEARUNI,Icon,Rare,Removed,Road to S.I. 2021 Event; Twitch Drops,Neon Dawn
GREENTEAMMATEVALKYRIE,Icon,Rare,Removed,Road to S.I. 2021 Event; Twitch Drops,Neon Dawn
THECREW,Icon,Rare,Removed,Road to S.I. 2021 Event; Twitch Drops,Neon Dawn
WOOLENPUPPET,Icon,Rare,Removed,Road to S.I. 2021 Event; Twitch Drops,Neon Dawn
BENDAY,Icon,Rare,Removed,Road to S.I. 2021 Event; Twitch Drops,Neon Dawn
MPBRASSARD,Icon,Rare,Removed,Thermite Military Police Set DLC,Operation Health
RIFLEEXPERT,Icon,Rare,Removed,Thermite Military Police Set DLC,Operation Health
AEGISDROP,Icon,Rare,Available,Twitch Byte Bundle; Welcome Pack,Shadow Legacy
SI2020COMMUNITY,Icon,Rare,Available,Twitch Byte Bundle; Welcome Pack,Shadow Legacy
SI2020GROUPSTAGE,Icon,Rare,Available,Twitch Byte Bundle; Welcome Pack,Shadow Legacy
TWITCHMINT,Icon,Rare,Available,Twitch Byte Bundle; Welcome Pack,Shadow Legacy
MAESTROGOLDEN,Icon,Rare,Available,Twitch Byte Bundle; Welcome Pack,Shadow Legacy
CAVEIRABLUE,Icon,Rare,Available,Twitch Byte Bundle; Welcome Pack,Shadow Legacy
ASHMAROON,Icon,Rare,Available,Twitch Byte Bundle; Welcome Pack,Shadow Legacy
JACKALINDIGO,Icon,Rare,Available,Twitch Byte Bundle; Welcome Pack,Shadow Legacy
ELAPURPLE,Icon,Rare,Available,Twitch Byte Bundle; Welcome Pack,Shadow Legacy
FINKAORANGE,Icon,Rare,Available,Twitch Byte Bundle; Welcome Pack,Shadow Legacy
HIBANARED,Icon,Rare,Available,Twitch Byte Bundle; Welcome Pack,Shadow Legacy
BANDITGREEN,Icon,Rare,Available,Twitch Byte Bundle; Welcome Pack,Shadow Legacy
HAPPYSAM,Icon,Rare,Available,Twitch Byte Bundle; Welcome Pack,Shadow Legacy
STARLINK,Icon,Rare,Available,Twitch Byte Bundle; Welcome Pack,Shadow Legacy
EDENSGATE,Icon,Rare,Available,Twitch Byte Bundle; Welcome Pack,Shadow Legacy
THEDIVISION2,Icon,Rare,Available,Twitch Byte Bundle; Welcome Pack,Shadow Legacy
ASSASSINSCREEDORIGINS,Icon,Rare,Available,Ubisoft Connect,Blood Orchid
TRIALSRISING,Icon,Rare,Available,Ubisoft Connect,Blood Orchid
8BITUBISOFT,Icon,Rare,Removed,Ubisoft Gift,Operation Health
GRIS,Icon,Rare,Removed,Ubisoft Gift,Operation Health
NETCAFEELITE,Icon,Rare,Removed,Ubisoft Gift,Operation Health
GOLDAWARD,Icon,Rare,Removed,Ubisoft Gift,Operation Health
GLAZDOGTAG,Icon,Rare,Removed,Weekly Challenge,Para Bellum
VALKYRIEDOGTAG,Icon,Rare,Removed,Weekly Challenge,Para Bellum
LESIONDOGTAG,Icon,Rare,Removed,Weekly Challenge,Para Bellum
BASTILLEDAY,Icon,Rare,Removed,Weekly Challenge,Para Bellum
ASHMEDALLION,Icon,Rare,Removed,Weekly Challenge,Para Bellum
ASHDOGTAG,Icon,Rare,Removed,Weekly Challenge,Para Bellum
JAGERDOGTAG,Icon,Rare,Removed,Weekly Challenge,Para Bellum
CAVEIRAMEDALLION,Icon,Rare,Removed,Weekly Challenge,Para Bellum
VIGILMEDALLION,Icon,Rare,Removed,Weekly Challenge,Para Bellum
HIBANADOGTAG,Icon,Rare,Removed,Weekly Challenge,Para Bellum
TACHANKADOGTAG,Icon,Rare,Removed,Weekly Challenge,Para Bellum
BLACKBEARDDOGTAG,Icon,Rare,Removed,Weekly Challenge,Para Bellum
DOKKAEBIMEDALLION,Icon,Rare,Removed,Weekly Challenge,Para Bellum
ROOKMEDALLION,Icon,Rare,Removed,Weekly Challenge,Para Bellum
SMOKEDOGTAG,Icon,Rare,Removed,Weekly Challenge,Para Bellum
ZOFIAMEDALLION,Icon,Rare,Removed,Weekly Challenge,Para Bellum
PULSEMEDALLION,Icon,Rare,Removed,Weekly Challenge,Para Bellum
THATCHERDOGTAG,Icon,Rare,Removed,Weekly Challenge,Para Bellum
MONTAGNEDOGTAG,Icon,Rare,Removed,Weekly Challenge,Grim Sky
JACKALDOGTAG,Icon,Rare,Removed,Weekly Challenge,Grim Sky
ZOFIADOGTAG,Icon,Rare,Removed,Weekly Challenge,Wind Bastion
CAVEIRADOGTAG,Icon,Rare,Removed,Weekly Challenge,Wind Bastion
FUZEMEDALLION,Icon,Rare,Removed,Weekly Challenge,Wind Bastion
SLEDGEDOGTAG,Icon,Rare,Removed,Weekly Challenge,Wind Bastion
THERMITEDOGTAG,Icon,Rare,Removed,Weekly Challenge,Chimera
TWITCHDOGTAG,Icon,Rare,Removed,Weekly Challenge,Chimera
ECHODOGTAG,Icon,Rare,Removed,Weekly Challenge,Grim Sky
ELADOGTAG,Icon,Rare,Removed,Weekly Challenge,Grim Sky
TWITCHMEDALLION,Icon,Rare,Removed,Weekly Challenge,Grim Sky
MONTAGNEMEDALLION,Icon,Rare,Removed,Weekly Challenge,Grim Sky
CAPITAOMEDALLION,Icon,Rare,Removed,Weekly Challenge,Grim Sky
BLITZDOGTAG,Icon,Rare,Removed,Weekly Challenge,Grim Sky
BUCKDOGTAG,Icon,Rare,Removed,Weekly Challenge,Grim Sky
CAPITAODOGTAG,Icon,Rare,Removed,Weekly Challenge,Grim Sky
CASTLEDOGTAG,Icon,Rare,Removed,Weekly Challenge,Grim Sky
ROOKDOGTAG,Icon,Rare,Removed,Weekly Challenge,Grim Sky
FROSTDOGTAG,Icon,Rare,Removed,Weekly Challenge,Grim Sky
CASTLEMEDALLION,Icon,Rare,Removed,Weekly Challenge,Grim Sky
FUZEDOGTAG,Icon,Rare,Removed,Weekly Challenge,Grim Sky
PULSEDOGTAG,Icon,Rare,Removed,Weekly Challenge,Grim Sky
VIVAMEXICO,Icon,Rare,Removed,Weekly Challenge,Grim Sky
VERNALEQUINOX,Icon,Rare,Removed,Weekly Challenge,Grim Sky
JACKALMEDALLION,Icon,Rare,Removed,Weekly Challenge,White Noise
DOKKAEBIDOGTAG,Icon,Rare,Removed,Weekly Challenge,White Noise
VIGILDOGTAG,Icon,Rare,Removed,Weekly Challenge,Wind Bastion
MUTEMEDALLION,Icon,Rare,Removed,Weekly Challenge,Wind Bastion
ECHOMEDALLION,Icon,Rare,Removed,Weekly Challenge,Wind Bastion
BANDITDOGTAG,Icon,Rare,Removed,Weekly Challenge,Wind Bastion
MIRADOGTAG,Icon,Rare,Removed,Weekly Challenge,Grim Sky
MIRAMEDALLION,Icon,Rare,Removed,Weekly Challenge,Grim Sky
YINGDOGTAG,Icon,Rare,Removed,Weekly Challenge,Chimera
MUTEDOGTAG,Icon,Rare,Removed,Weekly Challenge,Chimera
DOCDOGTAG,Icon,Rare,Removed,Weekly Challenge,Chimera
LENOVO,Icon,Rare,Removed,Weekly Challenge,Chimera
SERVICETAG,Icon,Rare,Removed,Weekly Challenge,Chimera
FOURTHSHAMROCK,Icon,Rare,Removed,Weekly Challenge,Chimera
SOUTHKOREAINDEPENDENCE,Icon,Rare,Removed,Weekly Challenge,Chimera
SUMMERSOLSTICE,Icon,Rare,Removed,Weekly Challenge,Chimera
NORTHWARDLIGHT,Icon,Rare,Removed,Weekly Challenge,Chimera
IQDOGTAG,Icon,Rare,Removed,Weekly Challenge,Chimera
ALIBIDOGTAG,Icon,Rare,Removed,Weekly Challenge,Chimera
CELEBRATIONBEADS,Icon,Rare,Removed,Weekly Challenge,Chimera
PREDATOR,Icon,Rare,Removed,Weekly Challenge,Chimera
HARMONIOUSNATION,Icon,Rare,Removed,Weekly Challenge,Chimera
R6GOLD,Icon,Rare,Removed,Weekly Challenge,Chimera
METEORITESIX,Icon,Rare,Removed,Weekly Challenge,Chimera
THATCHERSMOORING,Item,Rare,Removed,2019 Collection Packs; Road to S.I. 2019 Event,Wind Bastion
DOKKAEBISCONTINGENCY,Item,Rare,Removed,2019 Collection Packs; Road to S.I. 2019 Event,Wind Bastion
PULSESHEART,Item,Rare,Removed,2019 Collection Packs; Road to S.I. 2019 Event,Wind Bastion
MIRASFAMILY,Item,Rare,Removed,2019 Collection Packs; Road to S.I. 2019 Event,Wind Bastion
GRENADE,Item,Rare,Removed,2019 Collection Packs; Road to S.I. 2019 Event,Wind Bastion
1971MUSCLECAR,Item,Rare,Removed,2019 Collection Packs; Road to S.I. 2019 Event,Wind Bastion
MCC12CAR,Item,Rare,Removed,2019 Collection Packs; Road to S.I. 2019 Event,Wind Bastion
1941HARDTOP,Item,Rare,Removed,2019 Collection Packs; Road to S.I. 2019 Event,Wind Bastion
CASHROLL,Item,Rare,Removed,2019 Collection Packs; Road to S.I. 2019 Event,Wind Bastion
MOTOCROSSHELMET,Item,Rare,Removed,2019 Collection Packs; Road to S.I. 2019 Event,Wind Bastion
VINTAGEF1HELMET,Item,Rare,Removed,2019 Collection Packs; Road to S.I. 2019 Event,Wind Bastion
ASTRONAUTHELMET,Item,Rare,Available,Alpha Packs,Dust Line
DRUMSET,Item,Rare,Available,Alpha Packs,Dust Line
FLOPPYDISK,Item,Rare,Available,Alpha Packs,Dust Line
GUITARPICK,Item,Rare,Available,Alpha Packs,Dust Line
DICE,Item,Rare,Available,Alpha Packs,Dust Line
ARCADECABINET,Item,Rare,Available,Alpha Packs,Dust Line
GLORIOUS,Item,Rare,Available,Alpha Packs,Dust Line
TUNEDCAR,Item,Rare,Available,Alpha Packs,Dust Line
SLOTMACHINE,Item,Rare,Available,Alpha Packs,Dust Line
F1,Item,Rare,Available,Alpha Packs,Dust Line
MARACAS,Item,Rare,Available,Alpha Packs,Dust Line
KEYBOARDGUITAR,Item,Rare,Available,Alpha Packs,Dust Line
TRUMPET,Item,Rare,Available,Alpha Packs,Dust Line
PATHTONOWHERE,Item,Rare,Available,Alpha Packs,Dust Line
HEALTHCAREER,Item,Rare,Available,Alpha Packs,Dust Line
BRAWLERSPAIR,Item,Rare,Available,Alpha Packs,Dust Line
FISHHOOK,Item,Rare,Available,Alpha Packs,Dust Line
SOUZASEYE,Item,Rare,Available,Alpha Packs,Dust Line
SHAMAN,Item,Rare,Available,Alpha Packs,Dust Line
CIGARCUTTER,Item,Rare,Available,Alpha Packs,Dust Line
SHREDDER,Item,Rare,Available,Alpha Packs,Dust Line
NOLIMIT,Item,Rare,Available,Alpha Packs,Dust Line
LOCKPICK,Item,Rare,Available,Alpha Packs,Dust Line
CARDINALPENDANT,Item,Rare,Available,Alpha Packs,Dust Line
DIVISIONWATCH,Item,Rare,Available,Ela The Division 2 Agent Bundle,Void Edge
FRAGMENTATIONSTICK,Item,Rare,Available,Ela The Division 2 Agent Bundle,Void Edge
COLDSTEEL,Item,Rare,Available,Fuze Bulwark Bundle,Velvet Shell
SANTAMUERTE,Item,Rare,Available,Fuze Bulwark Bundle,Velvet Shell
SNIPERCOIN,Item,Rare,Available,Fuze Bulwark Bundle,Velvet Shell
YELLOWGLOWSTICK,Item,Rare,Available,Fuze Bulwark Bundle,Velvet Shell
EENOEENO,Item,Rare,Available,Hibana Inner Peace Bundle,Grim Sky
SHIELDANDAXES,Item,Rare,Available,Hibana Inner Peace Bundle,Grim Sky
NAS1756,Item,Rare,Available,Jäger Aerial Bundle,Operation Health
LIFESAVER,Item,Rare,Available,Jäger Aerial Bundle,Operation Health
ANTIQUEDAGGER,Item,Rare,Available,Jäger Aerial Bundle,Operation Health
LAVENDERBLING,Item,Rare,Available,Jäger Aerial Bundle,Operation Health
MILITARYGEAR,Item,Rare,Available,Jäger Aerial Bundle,Operation Health
RODOFASCLEPIUS,Item,Rare,Available,Jäger Aerial Bundle,Operation Health
HARRYSWORK,Item,Rare,Available,Jäger Aerial Bundle,Operation Health
CASTANUELAS,Item,Rare,Available,Jäger Aerial Bundle,Operation Health
FAITHFULFLAREGUN,Item,Rare,Available,Jäger Aerial Bundle,Operation Health
FIRESTARTER,Item,Rare,Available,Jäger Aerial Bundle,Operation Health
WOODENWHISTLE,Item,Rare,Available,Jäger Aerial Bundle,Operation Health
FORESTESSENTIALS,Item,Rare,Available,Jäger Aerial Bundle,Operation Health
VALLEYENERGYBAR,Item,Rare,Available,Jäger Aerial Bundle,Operation Health
BEARBELL,Item,Rare,Available,Jäger Aerial Bundle,Operation Health
VINTAGEPOLICEVAN,Item,Rare,Available,Jäger Aerial Bundle,Operation Health
8BALL,Item,Rare,Available,Jäger Aerial Bundle,Operation Health
WISHBONE,Item,Rare,Available,Rabbit's Foot Bundle; Alpha Packs,Dust Line
CORONATIONGOWN,Item,Rare,Available,Rabbit's Foot Bundle; Alpha Packs,Dust Line
FLAMINGGRENADE,Item,Rare,Available,Rook Police Escort Bundle,Blood Orchid
HEIRLOOMSTAKE,Item,Rare,Available,Rook Police Escort Bundle,Blood Orchid
WASTEDETECTION,Item,Rare,Available,Rook Police Escort Bundle,Blood Orchid
THUNDERBALL,Item,Rare,Available,Rook Police Escort Bundle,Blood Orchid
TIKITEETH,Item,Rare,Removed,Sunsplash Packs,Para Bellum
DIVINGFORINTEL,Item,Rare,Removed,Sunsplash Packs,Para Bellum
FLIPFLOP,Item,Rare,Removed,Sunsplash Packs,Para Bellum
BRASSDIRECTION,Item,Rare,Removed,Sunsplash Packs,Para Bellum
BATTLETANK,Item,Rare,Removed,Sunsplash Packs,Para Bellum
CAMOGOURD,Item,Rare,Removed,Sunsplash Packs,Para Bellum
CROCKOGOLD,Item,Rare,Removed,Sunsplash Packs,Para Bellum
FULLTHROTTLE,Item,Rare,Removed,Sunsplash Packs,Para Bellum
VALKEINHEIM,Item,Rare,Removed,Sunsplash Packs,Para Bellum
ASSASSINSCREEDODYSSEY,Item,Rare,Removed,Sunsplash Packs,Para Bellum
STEEPSNOWBOARD,Item,Rare,Removed,Sunsplash Packs,Para Bellum
GHOSTRECONBREAKPOINT,Item,Rare,Removed,Sunsplash Packs,Para Bellum
ASSASSINSCREEDVALHALLA,Item,Rare,Removed,Sunsplash Packs,Para Bellum
PIXELPISTOL,Item,Rare,Removed,Sunsplash Packs,Para Bellum
BRASSWRENCH,Item,Rare,Removed,Sunsplash Packs,Para Bellum
SWIMMERBEADS,Item,Rare,Removed,Sunsplash Packs,Para Bellum
RESCUEBUOY,Item,Rare,Removed,Sunsplash Packs,Para Bellum
HIHAT,Item,Rare,Removed,Sunsplash Packs,Para Bellum
GONDOLA,Item,Rare,Available,Venetian Gondola Bundle,Para Bellum
CAVEIRASLUISON,Item,Rare,Available,Venetian Gondola Bundle,Para Bellum
NESTINGMARES,Item,Rare,Removed,Weekly Challenge,Phantom Sight
DISCOBALL,Item,Rare,Removed,Weekly Challenge,Phantom Sight
GOODFORTUNE,Item,Rare,Removed,Weekly Challenge,Phantom Sight
FESTIVETAJINE,Item,Rare,Removed,Weekly Challenge,Phantom Sight
SUPERSONICFRENCH,Item,Rare,Removed,Weekly Challenge,Steel Wave
INSTRUCTORKNOT,Item,Rare,Removed,Weekly Challenge,Steel Wave
MOROCCANPOUFFE,Item,Rare,Removed,Weekly Challenge,Shifting Tides
SWEETBUCKET,Item,Rare,Removed,Weekly Challenge,Shifting Tides
PATRIOTSCONFECTION,Item,Rare,Removed,Weekly Challenge,Shifting Tides
ROASTEDTURKEY,Item,Rare,Removed,Weekly Challenge,Shifting Tides
CIVILJUNCTURE,Item,Rare,Removed,Weekly Challenge,Shifting Tides
FEATHEREDTALISMAN,Item,Rare,Removed,Weekly Challenge,Shifting Tides
ASHSSERVICE,Item,Rare,Removed,Weekly Challenge,Shifting Tides
TOUCAN,Item,Rare,Removed,Weekly Challenge,Shifting Tides
PAPERCUPCOFFEE,Natural,Rare,Available,Alpha Packs,Dust Line
RAINFOREST,Natural,Rare,Available,Alpha Packs,Dust Line
AERIALIST,Natural,Rare,Available,Ash Specialist Bundle,Grim Sky
TAURUSCRANIUM,Natural,Rare,Available,Ash Specialist Bundle,Grim Sky
SILVERTOUCAN,Natural,Rare,Available,Ash Specialist Bundle,Grim Sky
TROPHYREINDEER,Natural,Rare,Available,Ash Specialist Bundle,Grim Sky
TROPICALPUNCH,Natural,Rare,Available,Ash Specialist Bundle,Grim Sky
EARLGREY,Natural,Rare,Available,Ash Specialist Bundle,Grim Sky
GRAYMAJESTY,Natural,Rare,Available,Ash Specialist Bundle,Grim Sky
SNAKEEYES,Natural,Rare,Available,Ash Specialist Bundle,Grim Sky
PEDRO,Natural,Rare,Available,Ash Specialist Bundle,Grim Sky
TATUBOLA,Natural,Rare,Available,Ash Specialist Bundle,Grim Sky
BLESSEDHORANGI,Natural,Rare,Available,Ash Specialist Bundle,Grim Sky
GOLDENCASTOR,Natural,Rare,Available,Ash Specialist Bundle,Grim Sky
FLEDGE,Natural,Rare,Available,Ash Specialist Bundle,Grim Sky
GLUCKSSCHWEIN,Natural,Rare,Available,Ash Specialist Bundle,Grim Sky
BLUEEYEDDAISY,Natural,Rare,Available,Ash Specialist Bundle,Grim Sky
DEATHSTALKER,Natural,Rare,Available,Ash Specialist Bundle,Grim Sky
GOLDWIDOW,Natural,Rare,Available,Jäger 8-Legged Bundle,Skull Rain
SPLINTERSEAL,Natural,Rare,Available,Jäger 8-Legged Bundle,Skull Rain
GOSSAMER,Natural,Rare,Available,Kapkan 8-Legged Bundle,Skull Rain
NOVELTYLOBSTER,Natural,Rare,Available,Kapkan 8-Legged Bundle,Skull Rain
DUSKY,Natural,Rare,Available,Kapkan 8-Legged Bundle,Skull Rain
SPITTINGCOBRA,Natural,Rare,Available,Kapkan 8-Legged Bundle,Skull Rain
GRIZZLYCLAW,Natural,Rare,Available,North Star Battlepass,North Star
TROPICAL,Natural,Rare,Available,North Star Battlepass,North Star
TROPICALFLOWER,Natural,Rare,Available,Powerhouse Bundle,Neon Dawn
SEYMOUR,Natural,Rare,Available,Powerhouse Bundle,Neon Dawn
MAGICPONY,Natural,Rare,Available,Powerhouse Bundle,Neon Dawn
SPOTTEDPAW,Natural,Rare,Available,Powerhouse Bundle,Neon Dawn
PINKCLEOPHILE,Natural,Rare,Available,Powerhouse Bundle,Neon Dawn
REDBEETLE,Natural,Rare,Available,Powerhouse Bundle,Neon Dawn
CREEPER,Natural,Rare,Available,Powerhouse Bundle,Neon Dawn
DARKMANE,Natural,Rare,Available,Powerhouse Bundle,Neon Dawn
LIGHTNINGCLAW,Natural,Rare,Available,Powerhouse Bundle,Neon Dawn
KAWAIIPUMPKINPIE,Natural,Rare,Available,Powerhouse Bundle,Neon Dawn
KAWAIIHAMBURGER,Natural,Rare,Available,Powerhouse Bundle,Neon Dawn
KAWAIIDOUGHNUT,Natural,Rare,Available,Powerhouse Bundle,Neon Dawn
SLICEOFJOY,Natural,Rare,Available,Powerhouse Bundle,Neon Dawn
VIPERHEAD,Natural,Rare,Available,Powerhouse Bundle,Neon Dawn
GOLDENFLEECE,Natural,Rare,Available,Powerhouse Bundle,Neon Dawn
HOUSEFLY,Natural,Rare,Available,Powerhouse Bundle,Neon Dawn
RAINBOWTROUT,Natural,Rare,Available,Ubisoft Connect,Wind Bastion
PANDA,Natural,Rare,Available,Ubisoft Connect,Wind Bastion
PANHU,Natural,Rare,Removed,Weekly Challenge,White Noise
SNOWRIDER18,Natural,Rare,Removed,Weekly Challenge,White Noise
LUCKYGOLDPIGGY,Natural,Rare,Removed,Weekly Challenge,White Noise
GOGREEN,Natural,Rare,Removed,Weekly Challenge,White Noise
DECORATEDPOPPY,Natural,Rare,Removed,Weekly Challenge,Grim Sky
BRASSYBARB,Natural,Rare,Removed,Weekly Challenge,Grim Sky
SERGEANTTURKEY,Natural,Rare,Removed,Weekly Challenge,Grim Sky
SNOWTIGER18,Natural,Rare,Removed,Weekly Challenge,Grim Sky
WOODDOGGY,Natural,Rare,Removed,Weekly Challenge,Grim Sky
WINGEDBISON,Natural,Rare,Removed,Weekly Challenge,Grim Sky
SOLDIERGOAT,Natural,Rare,Removed,Weekly Challenge,Grim Sky
LADYBUGHEART,Natural,Rare,Removed,Weekly Challenge,Grim Sky
GIGGLEFIN,Natural,Rare,Removed,Weekly Challenge,Grim Sky
CONQUERINGEAGLE,Natural,Rare,Removed,Weekly Challenge,Grim Sky
INDIANPEAFOWL,Natural,Rare,Removed,Weekly Challenge,Grim Sky
DRAKEFLOAT,Natural,Rare,Removed,Weekly Challenge,Grim Sky
HAPPYCAT,Natural,Rare,Removed,Weekly Challenge,Neon Dawn
GLITTEREDHIBISCUS,Natural,Rare,Removed,Weekly Challenge,Neon Dawn
WOODKITTY,Natural,Rare,Removed,Weekly Challenge,Phantom Sight
REDHUSSAR,Natural,Rare,Removed,Weekly Challenge,Phantom Sight
PLANETOID,Natural,Rare,Removed,Weekly Challenge,Phantom Sight
CANDOCULTURE,Place,Rare,Removed,Weekly Challenge,Phantom Sight
LIBERTYBELL,Place,Rare,Removed,Weekly Challenge,Phantom Sight
RUSSIANINDEPENDANCE,Place,Rare,Removed,Weekly Challenge,Phantom Sight
ROYALPROTECTOR,Place,Rare,Removed,Weekly Challenge,Phantom Sight
PATRIOTEAGLE,Place,Rare,Removed,Weekly Challenge,Chimera
POLISHTRINKET,Place,Rare,Removed,Weekly Challenge,Chimera
BRAZILIANTRINKET,Place,Rare,Removed,Weekly Challenge,Grim Sky
SPANISHTRINKET,Place,Rare,Removed,Weekly Challenge,Grim Sky
BUMBAMEUBOI,Place,Rare,Removed,Weekly Challenge,Grim Sky
PORCELAINSEAMSTRESS,Place,Rare,Removed,Weekly Challenge,Grim Sky
ESSENCEOFCANADA,Place,Rare,Removed,Weekly Challenge,Grim Sky
GERMANTRINKET,Place,Rare,Removed,Weekly Challenge,Grim Sky
FREEDOMGUIDE,Place,Rare,Removed,Weekly Challenge,Grim Sky
DOLLANDDRUM,Place,Rare,Removed,Weekly Challenge,Grim Sky
MORION,Place,Rare,Removed,Weekly Challenge,Grim Sky
IMPERIALEAGLE,Seasonal,Rare,Removed,Ancient Marble Bundle,Para Bellum
BEATMATCH,Seasonal,Rare,Removed,Ancient Marble Bundle,Para Bellum
OSTRICHPLUME,Seasonal,Rare,Removed,Battalion Bundle,White Noise
WAXCOMB,Seasonal,Rare,Removed,Battalion Bundle,White Noise
VENETIANMASK,Seasonal,Rare,Removed,Battalion Bundle,White Noise
ORNATEDROMADERY,Seasonal,Rare,Removed,Conqueror Bundle,Wind Bastion
LANKWAIFONG,Seasonal,Rare,Removed,Conqueror Bundle,Wind Bastion
OAKBARREL,Seasonal,Rare,Removed,Distilled Bundle,White Noise
PEEPER,Seasonal,Rare,Removed,Distilled Bundle,White Noise
KABUTO,Seasonal,Rare,Removed,Distilled Bundle,White Noise
HANDOFPROTECTION,Seasonal,Rare,Removed,Distilled Bundle,White Noise
TORPEDO,Seasonal,Rare,Removed,Distilled Bundle,White Noise
LIGAESPANOLA,Seasonal,Rare,Removed,Distilled Bundle,White Noise
HARMONY,Seasonal,Rare,Removed,Distilled Bundle,White Noise
FORTUNE,Seasonal,Rare,Removed,Distilled Bundle,White Noise
HUNTERSCOWL,Seasonal,Rare,Removed,Distilled Bundle,White Noise
ETERNITY,Seasonal,Rare,Removed,Distilled Bundle,White Noise
BOBBY,Seasonal,Rare,Removed,Metropolice Bundle,Grim Sky
JIHAI,Seasonal,Rare,Removed,Metropolice Bundle,Grim Sky
WHITEANTELOPE,Seasonal,Rare,Removed,Pointed Grit Bundle,Void Edge
GOLDENWATTLE,Seasonal,Rare,Removed,Pointed Grit Bundle,Void Edge
GILDED,Seasonal,Rare,Removed,Pointed Grit Bundle,Void Edge
ALLSEEINGEYE,Seasonal,Rare,Removed,Pointed Grit Bundle,Void Edge
JUNKYARDTRAILER,Seasonal,Rare,Removed,Rusty Sunshine Bundle,Chimera
SPQRCOIN,Seasonal,Rare,Removed,Rusty Sunshine Bundle,Chimera
TAURO,Seasonal,Rare,Removed,San Fermìn Bundle,Velvet Shell
SOUTHWESTSUN,Seasonal,Rare,Removed,San Fermìn Bundle,Velvet Shell
DARING,Seasonal,Rare,Removed,San Fermìn Bundle,Velvet Shell
BEARSKIN,Seasonal,Rare,Removed,San Fermìn Bundle,Velvet Shell
SERVICEBADGE,Seasonal,Rare,Removed,San Fermìn Bundle,Velvet Shell
DANCINGAUNTIE,Seasonal,Rare,Removed,San Fermìn Bundle,Velvet Shell
GRIMSKYSILVER,Seasonal,Rare,Removed,San Fermìn Bundle,Velvet Shell
SKULLRAINSILVER,Esport,Uncommon,Removed,Ranked Rewards,Skull Rain
CHIMERASILVER,Esport,Uncommon,Removed,Ranked Rewards,Skull Rain
DUSTLINESILVER,Esport,Uncommon,Removed,Ranked Rewards,Skull Rain
VELVETSHELLSILVER,Esport,Uncommon,Removed,Ranked Rewards,Skull Rain
BLACKICESILVER,Esport,Uncommon,Removed,Ranked Rewards,Black Ice
BLOODORCHIDSILVER,Esport,Uncommon,Removed,Ranked Rewards,Black Ice
PARABELLUMSILVER,Esport,Uncommon,Removed,Ranked Rewards,Para Bellum
OPERATIONHEALTHSILVER,Esport,Uncommon,Removed,Ranked Rewards,Para Bellum
REDCROWSILVER,Esport,Uncommon,Removed,Ranked Rewards,Para Bellum
WHITENOISESILVER,Esport,Uncommon,Removed,Ranked Rewards,Para Bellum
BURNTHORIZONSILVER,Esport,Uncommon,Removed,Ranked Rewards,Para Bellum
WINDBASTIONSILVER,Esport,Uncommon,Removed,Ranked Rewards,Para Bellum
PHANTOMSIGHTSILVER,Esport,Uncommon,Removed,Ranked Rewards,Para Bellum
EMBERRISESILVER,Esport,Uncommon,Removed,Ranked Rewards,Para Bellum
SHADOWLEGACYSILVER,Esport,Uncommon,Removed,Ranked Rewards,Para Bellum
NEONDAWNSILVER,Esport,Uncommon,Removed,Ranked Rewards,Para Bellum
NORTHSTARSILVER,Esport,Uncommon,Removed,Ranked Rewards,Para Bellum
STEELWAVESILVER,Esport,Uncommon,Removed,Ranked Rewards,Para Bellum
SHIFTINGTIDESSILVER,Esport,Uncommon,Removed,Ranked Rewards,Para Bellum
CRIMSONHEISTSILVER,Esport,Uncommon,Removed,Ranked Rewards,Para Bellum
VOIDEDGESILVER,Esport,Uncommon,Removed,Ranked Rewards,Para Bellum
SIXINVITATIONALBRONZE18,Esport,Uncommon,Removed,Ranked Rewards,Para Bellum
USAPROLEAGUESILVER,Esport,Uncommon,Removed,Twitch Drops,Chimera
BRAZILPROLEAGUESILVER,Esport,Uncommon,Removed,Twitch Drops,Chimera
SIXMAJORPARISSILVER2018,Esport,Uncommon,Removed,Twitch Drops,Para Bellum
SIXINVITATIONALSILVER19,Esport,Uncommon,Removed,Twitch Drops,Para Bellum
ITALYPROLEAGUESILVER19,Esport,Uncommon,Removed,Twitch Drops,Para Bellum
SIXMAJORUSASILVER2019,Esport,Uncommon,Removed,Twitch Drops,Para Bellum
SIXMAJORNLSILVER2020,Esport,Uncommon,Removed,Twitch Drops,Shadow Legacy
SIXMAJORJAPANSILVER2019,Esport,Uncommon,Removed,Twitch Drops,Shadow Legacy
SIXMAJORNLBRONZE2020,Esport,Uncommon,Removed,Twitch Drops,Shadow Legacy
SUSPICIOUSPACKAGE,Esport,Uncommon,Removed,Twitch Drops,Shadow Legacy
MISSILETOE,Esport,Uncommon,Removed,Twitch Drops,Shadow Legacy
FESTIVEAMMO,Esport,Uncommon,Removed,Twitch Drops,Shadow Legacy
HORRORHUNTER,Halloween,Uncommon,Removed,Unkown,Phantom Sight
MEDIC,Halloween,Uncommon,Removed,Unkown,Phantom Sight
RULEONE,Icon,Uncommon,Available,Alpha Packs,Dust Line
BLACKSMITHVALKYRIE,Icon,Uncommon,Available,Alpha Packs,Dust Line
BLACKSMITHELA,Icon,Uncommon,Removed,Around The World Battlepass,Void Edge
BADGEOFHONOR,Icon,Uncommon,Removed,Around The World Battlepass,Void Edge
ACHTUNG,Icon,Uncommon,Removed,Around The World Battlepass,Void Edge
OFFICERKOTZ,Icon,Uncommon,Available,Blitz Precinct Bundle,Wind Bastion
CANADIANMPBADGE,Icon,Uncommon,Available,Blitz Precinct Bundle,Wind Bastion
BLACKBEARDSICONCHINA,Icon,Uncommon,Available,China Only,Phantom Sight
TWITCHSICONCHINA,Icon,Uncommon,Available,China Only,Phantom Sight
SMOKESICONCHINA,Icon,Uncommon,Available,China Only,Phantom Sight
FUZESICONCHINA,Icon,Uncommon,Available,China Only,Phantom Sight
CAVEIRASICONCHINA,Icon,Uncommon,Available,China Only,Phantom Sight
BLACKSMITHGRIDLOCK,Icon,Uncommon,Available,China Only,Phantom Sight
BLACKSMITHHIBANA,Icon,Uncommon,Available,China Only,Phantom Sight
BLACKSMITHMELUSI,Icon,Uncommon,Available,China Only,Phantom Sight
BLACKSMITHAMARU,Icon,Uncommon,Available,China Only,Phantom Sight
BLACKSMITHIANA,Icon,Uncommon,Available,China Only,Phantom Sight
MARKSMAN,Icon,Uncommon,Available,China Only,Phantom Sight
KAIDREPTILIA,Icon,Uncommon,Available,China Only,Phantom Sight
LESIONREPTILIA,Icon,Uncommon,Available,China Only,Phantom Sight
ARUNIREPTILIA,Icon,Uncommon,Available,China Only,Phantom Sight
NOMADREPTILIA,Icon,Uncommon,Available,China Only,Phantom Sight
FINKAREPTILIA,Icon,Uncommon,Available,China Only,Phantom Sight
BANDITREPTILIA,Icon,Uncommon,Removed,Crimson Heist Battlepass,Crimson Heist
CAVEIRAREPTILIA,Icon,Uncommon,Removed,Crimson Heist Battlepass,Crimson Heist
MAPLEPRIDE,Icon,Uncommon,Available,Frost Northern Watcher Bundle,Chimera
NORTHJEWEL,Icon,Uncommon,Available,Frost Northern Watcher Bundle,Chimera
REDDRAGON,Icon,Uncommon,Available,Frost Northern Watcher Bundle,Chimera
SOMBERWAVE,Icon,Uncommon,Available,Frost Northern Watcher Bundle,Chimera
MAGAS,Icon,Uncommon,Available,Maverick Repair Bundle,Ember Rise
BUCKSICON,Icon,Uncommon,Available,Maverick Repair Bundle,Ember Rise
BLITZSICON,Icon,Uncommon,Available,New Ops Icon Charm Bundle,Black Ice
CAVEIRASICON,Icon,Uncommon,Available,New Ops Icon Charm Bundle,Black Ice
THERMITESICON,Icon,Uncommon,Available,New Ops Icon Charm Bundle,Black Ice
VALKYRIESICON,Icon,Uncommon,Available,New Ops Icon Charm Bundle,Black Ice
BANDITSICON,Icon,Uncommon,Available,New Ops Icon Charm Bundle,Black Ice
GLAZSICON,Icon,Uncommon,Available,New Ops Icon Charm Bundle,Black Ice
SMOKESICON,Icon,Uncommon,Available,New Ops Icon Charm Bundle,Black Ice
BLACKBEARDSICON,Icon,Uncommon,Available,New Ops Icon Charm Bundle,Black Ice
SLEDGESICON,Icon,Uncommon,Available,New Ops Icon Charm Bundle,Black Ice
CASTLESICON,Icon,Uncommon,Available,New Ops Icon Charm Bundle,Black Ice
FROSTSICON,Icon,Uncommon,Available,New Ops Icon Charm Bundle,Black Ice
IQSICON,Icon,Uncommon,Available,New Ops Icon Charm Bundle,Black Ice
JAGERSICON,Icon,Uncommon,Available,New Ops Icon Charm Bundle,Black Ice
PULSESICON,Icon,Uncommon,Available,New Ops Icon Charm Bundle,Black Ice
MONTAGNESICON,Icon,Uncommon,Available,New Ops Icon Charm Bundle,Black Ice
ROOKSICON,Icon,Uncommon,Available,New Ops Icon Charm Bundle,Black Ice
TWITCHSICON,Icon,Uncommon,Available,New Ops Icon Charm Bundle,Black Ice
KAPKANSICON,Icon,Uncommon,Available,New Ops Icon Charm Bundle,Black Ice
MUTESICON,Icon,Uncommon,Available,New Ops Icon Charm Bundle,Black Ice
TACHANKASICON,Icon,Uncommon,Available,New Ops Icon Charm Bundle,Black Ice
ASHSICON,Icon,Uncommon,Available,New Ops Icon Charm Bundle,Black Ice
FUZESICON,Icon,Uncommon,Available,New Ops Icon Charm Bundle,Black Ice
CAPITAOSICON,Icon,Uncommon,Available,New Ops Icon Charm Bundle,Black Ice
DOCSICON,Icon,Uncommon,Available,New Ops Icon Charm Bundle,Black Ice
THATCHERSICON,Icon,Uncommon,Available,New Ops Icon Charm Bundle,Black Ice
JACKALREPTILIA,Icon,Uncommon,Available,New Ops Icon Charm Bundle,Black Ice
MAESTROREPTILIA,Icon,Uncommon,Available,New Ops Icon Charm Bundle,Black Ice
TACHANKAREPTILIA,Icon,Uncommon,Available,New Ops Icon Charm Bundle,Black Ice
VALKYRIEREPTILIA,Icon,Uncommon,Available,New Ops Icon Charm Bundle,Black Ice
THERMITEREPTILIA,Icon,Uncommon,Available,New Ops Icon Charm Bundle,Black Ice
FLORESREPTILIA,Icon,Uncommon,Available,New Ops Icon Charm Bundle,Black Ice
IANAREPTILIA,Icon,Uncommon,Available,New Ops Icon Charm Bundle,Black Ice
BLACKSMITHLION,Icon,Uncommon,Available,New Ops Icon Charm Bundle,Black Ice
BLACKSMITHDOKKAEBI,Icon,Uncommon,Available,New Ops Icon Charm Bundle,Black Ice
BLACKSMITHTWITCH,Icon,Uncommon,Available,New Ops Icon Charm Bundle,Black Ice
BLACKSMITHORYX,Icon,Uncommon,Available,New Ops Icon Charm Bundle,Black Ice
BLACKSMITHYING,Icon,Uncommon,Available,New Ops Icon Charm Bundle,Black Ice
BLACKSMITHFROST,Icon,Uncommon,Available,New Ops Icon Charm Bundle,Black Ice
ESPORTSHIBANA,Icon,Uncommon,Available,New Ops Icon Charm Bundle,Black Ice
ESPORTSBANDIT,Icon,Uncommon,Available,New Ops Icon Charm Bundle,Black Ice
ESPORTSPULSE,Icon,Uncommon,Available,Siege Esports Packs; Road to S.I. 2021 Event,Neon Dawn
ESPORTSGRIDLOCK,Icon,Uncommon,Available,Siege Esports Packs; Road to S.I. 2021 Event,Neon Dawn
PERCUTIENSVERUM,Icon,Uncommon,Available,Sledge Scotsman Bundle,Burnt Horizon
LEWESLEGACY,Icon,Uncommon,Available,Sledge Scotsman Bundle,Burnt Horizon
BLACKSMITHBUCK,Icon,Uncommon,Available,Sledge Scotsman Bundle,Burnt Horizon
BLACKSMITHJAGER,Icon,Uncommon,Available,Sledge Scotsman Bundle,Burnt Horizon
TICKERBADGE,Icon,Uncommon,Removed,Tour de Force Battlepass,Steel Wave
EQUINETRINKET,Icon,Uncommon,Removed,Tour de Force Battlepass,Steel Wave
SI2021TEAL,Icon,Uncommon,Removed,Twitch Drops; Road to S.I. 2021 Event,Neon Dawn
SI2021RED,Icon,Uncommon,Removed,Twitch Drops; Road to S.I. 2021 Event,Neon Dawn
SI2021ORANGE,Icon,Uncommon,Removed,Twitch Drops; Road to S.I. 2021 Event,Neon Dawn
PRECURSOR,Icon,Uncommon,Removed,Twitch Drops; Road to S.I. 2021 Event,Neon Dawn
556MMAMMO,Icon,Uncommon,Removed,Twitch Drops; Road to S.I. 2021 Event,Neon Dawn
9MMAMMO,Item,Uncommon,Available,Alpha Packs,Dust Line
308AMMO,Item,Uncommon,Available,Alpha Packs,Dust Line
45ACPAMMO,Item,Uncommon,Available,Alpha Packs,Dust Line
FUTEBOL,Item,Uncommon,Available,Alpha Packs,Skull Rain
762MMAMMO,Item,Uncommon,Available,Alpha Packs,Skull Rain
BRASSKNUCKLES,Item,Uncommon,Available,Alpha Packs,Dust Line
RDX,Item,Uncommon,Available,Alpha Packs,Dust Line
DOSSIER,Item,Uncommon,Available,Alpha Packs,Dust Line
NEONCOMPASS,Item,Uncommon,Available,Alpha Packs,Dust Line
IQKEYRING,Item,Uncommon,Available,Alpha Packs,Dust Line
THELORDSARTIFACT,Item,Uncommon,Available,Alpha Packs,Dust Line
FRAGRANTHARBOR,Item,Uncommon,Available,Alpha Packs,Dust Line
GOLDINDALO,Item,Uncommon,Available,Alpha Packs,Dust Line
ABANICO,Item,Uncommon,Available,Alpha Packs,Dust Line
CCCPCAPSULE,Item,Uncommon,Available,Alpha Packs,Dust Line
COFFEECUP,Item,Uncommon,Available,Alpha Packs,Dust Line
BOTTLEOPENER,Item,Uncommon,Available,Alpha Packs,Dust Line
CORKSCREW,Natural,Uncommon,Available,Alpha Packs,Dust Line
RAINBOWCUPCAKE,Natural,Uncommon,Available,Alpha Packs,Dust Line
BLUEBUTTERCREAMCUPCAKE,Natural,Uncommon,Available,Alpha Packs,Dust Line
REDVELVETCUPCAKE,Natural,Uncommon,Available,Alpha Packs,Dust Line
ROSEWATERCUPCAKE,Natural,Uncommon,Available,Alpha Packs,Dust Line
BEACHSOUVENIR,Natural,Uncommon,Available,Alpha Packs,Dust Line
OAKCRITTER,Natural,Uncommon,Available,Alpha Packs,Dust Line
LUCKYSONGBIRD,Natural,Uncommon,Available,Alpha Packs,Dust Line
GOLDIE,Natural,Uncommon,Available,Alpha Packs,Dust Line
NIAN,Natural,Uncommon,Available,Alpha Packs,Dust Line
WILDCLAW,Natural,Uncommon,Available,Alpha Packs,Dust Line
TEXAS,Natural,Uncommon,Available,Alpha Packs,Dust Line
CORSICAMEMORIES,Natural,Uncommon,Available,Alpha Packs,Dust Line
MOROCCOSTOP,Place,Uncommon,Available,Nomad City Trail Bundle,Void Edge
JEWELSTAR,Place,Uncommon,Available,Nomad City Trail Bundle,Void Edge
ZENITHPARADOX,Seasonal,Uncommon,Available,Earth And Sky Bundle,Void Edge
PIGPRESENT,Seasonal,Uncommon,Available,Earth And Sky Bundle,Void Edge
GOLDSYCEE,Seasonal,Uncommon,Available,Earth And Sky Bundle,Void Edge
ZHUSYMBOL,Seasonal,Uncommon,Available,Earth And Sky Bundle,Void Edge
CHIMERABRONZE,Esport,Common,Removed,Ranked Rewards,Chimera
DUSTLINECOPPER,Esport,Common,Removed,Ranked Rewards,Chimera
PARABELLUMCOPPER,Esport,Common,Removed,Ranked Rewards,Chimera
VELVETSHELLBRONZE,Esport,Common,Removed,Ranked Rewards,Chimera
BLOODORCHIDCOPPER,Esport,Common,Removed,Ranked Rewards,Chimera
CHIMERACOPPER,Esport,Common,Removed,Ranked Rewards,Chimera
PARABELLUMBRONZE,Esport,Common,Removed,Ranked Rewards,Chimera
GRIMSKYBRONZE,Esport,Common,Removed,Ranked Rewards,Chimera
SKULLRAINBRONZE,Esport,Common,Removed,Ranked Rewards,Chimera
REDCROWBRONZE,Esport,Common,Removed,Ranked Rewards,Chimera
DUSTLINEBRONZE,Esport,Common,Removed,Ranked Rewards,Chimera
OPERATIONHEALTHBRONZE,Esport,Common,Removed,Ranked Rewards,Chimera
OPERATIONHEALTHCOPPER,Esport,Common,Removed,Ranked Rewards,Chimera
WHITENOISECOPPER,Esport,Common,Removed,Ranked Rewards,Chimera
REDCROWCOPPER,Esport,Common,Removed,Ranked Rewards,Chimera
GRIMSKYCOPPER,Esport,Common,Removed,Ranked Rewards,Grim Sky
BLACKICEBRONZE,Esport,Common,Removed,Ranked Rewards,Grim Sky
WHITENOISEBRONZE,Esport,Common,Removed,Ranked Rewards,White Noise
SKULLRAINCOPPER,Esport,Common,Removed,Ranked Rewards,White Noise
BLOODORCHIDBRONZE,Esport,Common,Removed,Ranked Rewards,White Noise
BLACKICECOPPER,Esport,Common,Removed,Ranked Rewards,White Noise
VELVETSHELLCOPPER,Esport,Common,Removed,Ranked Rewards,Velvet Shell
BURNTHORIZONCOPPER,Esport,Common,Removed,Ranked Rewards,Velvet Shell
BURNTHORIZONBRONZE,Esport,Common,Removed,Ranked Rewards,Phantom Sight
PHANTOMSIGHTCOPPER,Esport,Common,Removed,Ranked Rewards,Phantom Sight
PHANTOMSIGHTBRONZE,Esport,Common,Removed,Ranked Rewards,Phantom Sight
WINDBASTIONCOPPER,Esport,Common,Removed,Ranked Rewards,Phantom Sight
WINDBASTIONBRONZE,Esport,Common,Removed,Ranked Rewards,Phantom Sight
EMBERRISECOPPER,Esport,Common,Removed,Ranked Rewards,Phantom Sight
VOIDEDGECOPPER,Esport,Common,Removed,Ranked Rewards,Phantom Sight
NEONDAWNCOPPER,Esport,Common,Removed,Ranked Rewards,Phantom Sight
STEELWAVEBRONZE,Esport,Common,Removed,Ranked Rewards,Phantom Sight
NEONDAWNBRONZE,Esport,Common,Removed,Ranked Rewards,Phantom Sight
NORTHSTARBRONZE,Esport,Common,Removed,Ranked Rewards,Phantom Sight
SHIFTINGTIDESBRONZE,Esport,Common,Removed,Ranked Rewards,Phantom Sight
SHIFTINGTIDESCOPPER,Esport,Common,Removed,Ranked Rewards,Phantom Sight
CRIMSONHEISTBRONZE,Esport,Common,Removed,Ranked Rewards,Phantom Sight
EMBERRISEBRONZE,Esport,Common,Removed,Ranked Rewards,Phantom Sight
SHADOWLEGACYCOPPER,Esport,Common,Removed,Ranked Rewards,Phantom Sight
CRIMSONHEISTCOPPER,Esport,Common,Available,Ranked Rewards,Crimson Heist
VOIDEDGEBRONZE,Esport,Common,Available,Ranked Rewards,Crimson Heist
STEELWAVECOPPER,Esport,Common,Removed,Ranked Rewards,Steel Wave
SHADOWLEGACYBRONZE,Esport,Common,Removed,Ranked Rewards,Steel Wave
NORTHSTARCOPPER,Esport,Common,Removed,Ranked Rewards,Steel Wave
SIXINVITATIONALCOPPER18,Esport,Common,Removed,Ranked Rewards,Steel Wave
USAPROLEAGUEBRONZE,Esport,Common,Removed,Twitch Drops,Chimera
USAPROLEAGUECOPPER,Esport,Common,Removed,Twitch Drops,Chimera
BRAZILPROLEAGUEBRONZE,Esport,Common,Removed,Twitch Drops,Grim Sky
BRAZILPROLEAGUECOPPER,Esport,Common,Removed,Twitch Drops,Grim Sky
SIXMAJORPARISBRONZE2018,Esport,Common,Removed,Twitch Drops,Grim Sky
SIXINVITATIONALBRONZE19,Esport,Common,Removed,Twitch Drops,Grim Sky
SIXINVITATIONALCOPPER19,Esport,Common,Removed,Twitch Drops,Grim Sky
SIXMAJORUSACOPPER2019,Esport,Common,Removed,Twitch Drops,Grim Sky
ITALYPROLEAGUECOPPER19,Esport,Common,Removed,Twitch Drops,Grim Sky
SIXMAJORPARISCOPPER2018,Esport,Common,Removed,Twitch Drops,Grim Sky
ITALYPROLEAGUEBRONZE19,Esport,Common,Removed,Twitch Drops,Grim Sky
SIXMAJORUSABRONZE2019,Esport,Common,Removed,Twitch Drops,Grim Sky
SIXMAJORJAPANCOPPER2019,Esport,Common,Removed,Twitch Drops,Grim Sky
SIXMAJORJAPANBRONZE2019,Esport,Common,Removed,Twitch Drops,Grim Sky
SIXMAJORNLCOPPER2020,Esport,Common,Removed,Twitch Drops,Grim Sky
1,Esport,Common,Removed,Twitch Drops,Grim Sky
393,Icon,Common,Available,Alpha Packs,Dust Line
183,Icon,Common,Available,Alpha Packs,Dust Line
281,Icon,Common,Available,Alpha Packs,Dust Line
TAIYOU,Icon,Common,Available,Alpha Packs,Dust Line
BNEG,Icon,Common,Available,Alpha Packs,Dust Line
ANEG,Icon,Common,Available,Blood Type Charms; Alpha Packs,Dust Line
ABPLUSPOS,Icon,Common,Available,Blood Type Charms; Alpha Packs,Dust Line
OPLUSPOS,Icon,Common,Available,Blood Type Charms; Alpha Packs,Dust Line
APLUSPOS,Icon,Common,Available,Blood Type Charms; Alpha Packs,Dust Line
ONEG,Icon,Common,Available,Blood Type Charms; Alpha Packs,Dust Line
ABNEG,Icon,Common,Available,Blood Type Charms; Alpha Packs,Dust Line
BPLUSPOS,Icon,Common,Available,Blood Type Charms; Alpha Packs,Dust Line
FUJISAN,Icon,Common,Available,Blood Type Charms; Alpha Packs,Dust Line
UZU,Icon,Common,Available,Blood Type Charms; Alpha Packs,Dust Line
SI2020MACIEJAY,Icon,Common,Available,Blood Type Charms; Alpha Packs,Dust Line
TOKEISO,Icon,Common,Available,Blood Type Charms; Alpha Packs,Dust Line
NIGHTHAVENEMBLEM,Icon,Common,Available,Blood Type Charms; Alpha Packs,Dust Line
GUNBA,Icon,Common,Available,Blood Type Charms; Alpha Packs,Dust Line
COMMANDING,Icon,Common,Available,Blood Type Charms; Alpha Packs,Dust Line
CARBONFIBERSIX,Icon,Common,Available,Blood Type Charms; Alpha Packs,Dust Line
MOTOSPIDER,Icon,Common,Available,Blood Type Charms; Alpha Packs,Dust Line
